Income,Wines,Fruits,Meat,Fish,Sweets,Gold,NumDealsPurchases,NumWebPurchases,NumCatalogPurchases,NumStorePurchases,NumWebVisitsMonth,Age,Children,Total_AcceptedCmp
58138.0,635,88,546,172,88,88,3,8,10,4,7,65,0,0
46344.0,11,1,6,2,1,6,2,1,1,2,5,68,2,0
71613.0,426,49,127,111,21,42,1,8,2,10,4,57,0,0
26646.0,11,4,20,10,3,5,2,2,0,4,6,38,1,0
58293.0,173,43,118,46,27,15,5,5,3,6,5,41,1,0
62513.0,520,42,98,0,42,14,2,6,4,10,6,55,1,0
55635.0,235,65,164,50,49,27,4,7,3,7,6,51,1,0
33454.0,76,10,56,3,1,23,2,4,0,4,8,37,1,0
30351.0,14,0,24,3,3,2,1,3,0,2,9,48,1,0
63033.0,194,61,480,225,112,30,1,3,4,8,2,63,0,0
59354.0,233,2,53,3,5,14,3,6,1,5,6,70,2,0
82800.0,1006,22,115,59,68,45,1,7,6,12,3,76,0,1
41850.0,53,5,19,2,13,4,3,3,0,3,8,42,2,0
37760.0,84,5,38,150,12,28,2,4,1,6,7,76,0,0
76995.0,1012,80,498,0,16,176,2,11,4,9,5,73,1,1
33812.0,4,17,19,30,24,39,2,2,1,3,6,37,1,0
37040.0,86,2,73,69,38,48,1,4,2,5,8,40,0,0
58607.0,867,0,86,0,0,19,3,2,3,9,8,73,1,0
65324.0,384,0,102,21,32,5,3,6,2,9,4,68,1,0
40689.0,270,3,27,39,6,99,7,7,1,5,8,71,1,0
53359.0,173,4,30,3,6,41,4,5,1,4,7,46,2,0
38360.0,36,2,42,20,21,10,2,2,1,4,3,33,1,0
84618.0,684,100,801,21,66,0,1,6,9,10,2,57,0,0
38620.0,112,17,44,34,22,89,1,2,5,3,3,59,0,0
40548.0,110,0,5,2,0,3,2,2,1,4,5,52,1,0
46610.0,96,12,96,33,22,43,6,4,1,6,6,70,2,0
68657.0,482,34,471,119,68,22,1,3,5,9,7,76,0,0
49389.0,40,0,19,2,1,3,1,2,0,3,7,71,2,0
67353.0,702,17,151,0,8,35,5,5,6,12,2,52,1,0
23718.0,6,3,14,15,7,36,3,3,1,2,7,46,1,0
42429.0,55,0,6,2,0,4,2,1,1,3,5,49,1,0
48948.0,437,8,206,160,49,42,2,7,10,5,6,79,0,1
80011.0,421,76,536,82,178,102,2,8,6,5,4,42,1,0
20559.0,13,1,29,3,0,7,2,2,0,3,8,37,1,0
21994.0,9,0,6,3,1,3,1,0,0,3,5,65,1,0
79941.0,123,164,266,227,30,174,1,2,4,9,1,46,0,0
41728.0,13,6,15,3,5,13,1,2,0,2,10,54,1,0
72550.0,826,50,317,50,38,38,9,5,2,12,8,68,2,0
65486.0,245,19,125,37,67,14,1,4,2,10,2,65,1,0
79143.0,650,37,780,27,167,32,1,6,9,13,3,58,0,0
35790.0,12,6,20,30,1,3,2,2,0,3,7,45,1,0
82582.0,510,120,550,156,40,241,1,4,9,7,1,45,0,2
66373.0,328,9,124,12,24,109,7,4,2,10,3,44,2,0
82384.0,984,51,432,180,120,190,1,3,10,13,1,67,0,0
70287.0,295,35,482,121,120,40,1,5,5,10,3,56,0,0
27938.0,13,0,8,2,1,5,1,1,0,4,3,34,1,0
55954.0,447,0,28,0,0,43,3,8,2,6,7,54,1,0
75777.0,712,26,538,69,13,80,1,3,6,11,1,40,0,0
66653.0,452,18,102,16,18,6,4,4,2,12,3,47,2,0
61823.0,523,7,134,37,14,169,4,8,2,10,7,70,1,0
67680.0,546,0,48,0,6,6,1,7,3,8,5,71,1,0
70666.0,398,40,367,119,122,30,1,7,4,4,4,74,0,0
25721.0,1,3,6,3,6,15,1,1,1,2,7,51,1,0
32474.0,10,0,1,0,0,0,1,1,0,2,7,55,2,0
88194.0,688,14,309,201,24,38,1,11,10,10,5,43,1,2
69096.0,247,49,159,7,82,109,1,5,2,10,4,64,1,0
74854.0,856,59,487,58,29,73,7,2,5,5,5,52,3,0
66991.0,496,36,460,189,60,12,3,4,8,6,3,68,0,0
65031.0,258,107,291,84,37,86,4,10,3,13,7,63,1,0
60631.0,565,6,65,0,6,19,5,9,2,8,7,47,2,0
28332.0,14,10,13,4,15,9,1,2,1,4,2,70,0,0
40246.0,2,1,6,2,1,1,1,1,0,2,6,45,1,0
75251.0,721,111,925,97,18,18,1,7,6,5,5,50,0,0
75825.0,1032,105,779,137,105,51,0,5,8,9,4,46,0,1
26326.0,1,0,5,0,3,9,1,0,0,3,3,46,0,0
56046.0,577,0,64,0,0,51,2,10,1,8,8,57,0,1
29760.0,64,4,68,7,5,17,4,3,1,4,8,37,1,0
26304.0,4,1,5,2,0,4,1,1,0,2,7,53,1,0
23559.0,25,5,19,7,0,23,3,3,0,3,7,49,1,0
38620.0,112,17,44,34,22,89,1,2,5,3,3,59,0,0
81361.0,163,23,424,27,65,76,1,3,10,13,1,35,0,0
29440.0,17,8,14,10,4,3,2,1,0,4,7,62,2,0
36138.0,130,0,16,0,0,5,5,3,1,4,7,52,2,0
50388.0,292,6,37,0,3,34,4,6,1,6,7,65,1,1
79593.0,350,60,568,110,133,145,1,5,6,7,2,49,0,0
54178.0,135,9,39,4,0,7,1,2,2,5,2,55,1,0
42394.0,15,2,10,0,1,4,1,1,0,3,7,50,1,0
23626.0,27,2,14,0,0,0,3,3,1,3,5,52,1,0
30096.0,5,3,11,12,5,9,1,2,0,3,6,39,1,0
47916.0,505,0,26,0,0,75,5,7,4,6,6,62,1,0
51813.0,51,2,7,0,1,2,2,2,0,3,7,50,2,0
78497.0,207,26,447,75,0,223,1,5,7,12,2,71,0,1
50150.0,135,46,92,65,61,11,2,5,2,7,5,39,0,0
47823.0,53,1,5,2,1,10,2,2,0,3,8,62,1,0
34554.0,41,1,6,2,0,5,2,2,0,3,6,63,1,0
85693.0,386,172,183,185,132,111,2,9,5,11,5,43,1,0
65846.0,562,81,276,80,40,81,1,6,3,6,4,77,0,0
87195.0,217,76,690,50,26,38,1,3,11,5,1,63,0,0
24594.0,1,3,6,10,0,9,1,1,0,3,5,43,1,0
49096.0,144,1,32,2,1,7,4,4,1,4,7,58,2,0
52413.0,295,106,271,75,98,65,4,6,4,12,6,53,2,0
38557.0,76,3,31,4,4,27,2,3,1,3,7,44,1,0
89058.0,454,194,106,31,22,43,1,5,4,4,2,62,0,0
77298.0,425,115,292,23,35,79,1,6,6,11,3,43,1,0
68126.0,1332,17,311,23,51,86,1,7,4,5,9,31,0,0
57288.0,527,0,21,0,0,60,3,8,1,8,6,59,1,0
86037.0,490,44,125,29,20,22,1,6,7,11,3,31,0,0
43974.0,378,0,101,0,0,72,5,6,4,6,7,42,1,0
50785.0,64,1,21,0,1,27,2,2,1,3,6,60,2,0
90765.0,547,99,812,151,82,33,0,4,6,5,1,52,0,1
36550.0,47,90,94,123,103,120,5,9,1,5,9,44,1,0
30753.0,12,5,25,0,9,30,2,1,1,3,5,55,2,0
21918.0,1,6,7,11,5,3,2,2,0,3,6,53,1,0
56129.0,320,48,133,39,72,48,4,6,2,10,4,69,1,0
32557.0,34,3,29,0,4,10,3,2,1,3,5,55,1,0
30992.0,17,0,14,7,3,2,1,1,0,3,7,46,1,0
101970.0,722,27,102,44,72,168,0,6,8,13,2,39,0,1
71488.0,162,33,124,40,28,172,2,3,4,7,1,57,0,0
79607.0,450,133,951,173,0,216,1,3,6,6,1,38,0,0
54348.0,70,0,16,0,0,4,2,2,0,4,6,69,2,0
77376.0,492,19,110,16,12,12,4,6,3,10,4,66,2,0
62998.0,120,58,73,65,89,58,5,5,4,5,5,70,1,0
61331.0,534,5,47,0,5,41,5,11,1,6,8,64,2,0
73448.0,236,106,189,23,41,130,1,7,2,9,4,53,0,0
41551.0,220,0,33,3,0,23,5,5,1,5,8,58,2,0
62981.0,796,14,590,38,44,0,1,4,5,13,3,55,0,0
33762.0,53,1,34,2,0,16,3,2,2,2,8,63,3,0
35860.0,15,0,8,4,2,20,2,1,1,2,5,49,2,1
36921.0,17,1,12,3,1,4,2,2,0,3,7,57,2,0
92859.0,962,61,921,52,61,20,1,5,4,12,2,30,0,0
65104.0,738,0,232,13,20,50,2,3,5,7,7,46,1,0
86111.0,399,28,756,36,40,126,1,5,7,10,2,60,0,0
68352.0,614,16,132,43,33,33,3,8,5,9,6,48,1,0
41883.0,32,34,41,73,16,116,3,4,2,3,7,34,1,0
59809.0,598,16,141,32,41,49,3,3,3,6,8,46,2,0
23957.0,2,1,18,20,11,16,1,2,0,3,6,47,1,0
38547.0,6,1,10,0,1,4,1,1,0,2,8,41,1,0
35688.0,73,3,90,12,1,32,7,4,1,4,8,49,3,0
49605.0,42,16,29,12,20,8,1,2,1,4,3,56,0,0
59354.0,295,21,78,39,13,13,1,4,4,7,3,69,2,0
65747.0,346,17,48,23,13,13,4,8,1,6,6,53,1,0
46344.0,233,20,57,8,20,91,4,7,1,5,7,50,1,0
34176.0,5,7,24,19,14,20,4,3,0,4,6,34,1,0
61010.0,888,0,57,0,0,76,2,8,5,11,5,70,1,0
69372.0,997,26,269,34,13,42,1,10,4,6,4,73,0,0
49967.0,212,6,69,4,12,3,3,6,1,5,7,64,1,0
60199.0,8,1,7,2,0,0,1,0,0,3,4,44,3,0
55375.0,42,11,57,10,28,14,1,1,1,6,2,45,1,0
80317.0,536,11,387,149,91,57,1,3,4,10,1,67,0,0
30523.0,5,0,3,0,0,5,1,1,0,2,7,64,3,0
70356.0,1349,16,249,43,16,33,2,10,6,9,6,77,0,0
23228.0,53,3,49,7,4,5,4,3,0,4,8,38,1,0
74165.0,1001,12,240,16,12,12,1,5,4,10,2,47,0,0
43482.0,18,1,32,6,3,28,3,2,0,4,6,56,3,0
62551.0,125,16,98,134,21,27,1,6,7,4,3,69,0,1
52332.0,212,5,33,7,0,2,1,3,2,6,4,63,0,0
66951.0,277,162,305,173,76,124,1,3,4,7,1,34,0,0
26091.0,15,10,19,8,17,20,3,2,1,3,5,65,2,0
33456.0,7,3,10,8,1,7,2,1,0,3,7,57,2,0
28718.0,12,4,6,11,8,16,2,2,0,3,8,40,1,0
50447.0,85,7,24,2,3,27,1,3,1,3,6,52,2,0
53537.0,81,0,6,0,0,6,2,2,1,3,5,63,2,0
52074.0,59,0,12,0,0,48,1,2,2,2,4,55,1,1
80427.0,1149,71,449,69,71,26,1,11,8,8,5,47,1,0
83837.0,847,66,119,86,89,111,1,9,10,5,4,74,0,1
38853.0,29,0,14,0,0,2,2,2,0,3,7,52,2,0
38285.0,2,0,5,2,0,1,1,0,0,3,2,63,3,0
78497.0,207,26,447,75,0,223,1,5,7,12,2,71,0,1
51650.0,152,3,22,2,5,7,1,4,1,4,5,46,1,0
66835.0,620,26,195,34,17,141,1,6,4,13,2,76,0,0
30477.0,47,1,6,0,0,12,1,1,1,3,6,38,1,0
28249.0,1,9,7,2,14,10,1,2,0,3,6,61,0,0
25271.0,10,1,18,10,4,7,1,1,1,2,9,39,1,0
32303.0,35,0,2,0,0,2,2,1,0,4,5,52,1,0
61286.0,356,0,107,19,9,117,2,7,1,8,5,56,1,0
74068.0,783,30,537,140,76,15,1,4,10,9,2,46,0,0
45759.0,42,1,18,3,0,4,2,2,0,3,7,58,2,0
24882.0,1,4,10,29,0,36,1,1,1,2,6,44,1,1
66973.0,466,22,432,147,113,102,1,8,7,12,3,33,0,0
38872.0,23,3,21,3,19,22,2,3,0,3,8,34,1,0
51148.0,235,6,45,8,9,12,4,5,1,6,6,49,2,0
31353.0,10,0,10,3,1,7,2,1,1,2,8,45,2,0
69661.0,656,16,106,32,16,8,1,7,3,12,3,42,0,0
80067.0,519,17,813,27,173,51,1,4,6,6,2,68,0,0
86718.0,344,189,482,50,33,172,1,5,6,5,2,68,0,0
46854.0,96,1,79,7,1,79,6,5,1,3,8,49,2,1
69142.0,448,4,34,6,4,39,3,8,1,7,5,70,1,0
75922.0,265,138,553,224,23,92,1,4,4,9,1,54,0,0
63693.0,587,43,337,42,87,54,3,11,6,9,6,44,1,0
102160.0,763,29,138,76,176,58,0,7,9,10,4,45,0,1
40637.0,22,0,13,0,0,3,2,1,0,3,7,57,2,0
29604.0,7,6,13,7,6,14,1,1,0,3,9,34,1,1
48721.0,81,18,113,47,13,21,6,4,2,5,6,59,2,0
44794.0,54,0,7,0,0,4,1,2,0,3,6,56,1,0
64497.0,1170,48,320,42,32,192,5,11,4,9,8,68,1,1
46097.0,72,24,68,65,4,8,5,3,1,6,4,66,1,0
77972.0,613,22,319,33,102,12,1,4,6,9,1,68,0,0
44377.0,224,0,30,0,0,10,8,5,1,5,8,54,2,0
46014.0,410,0,59,19,9,44,10,7,1,8,7,48,2,0
70951.0,239,10,554,254,87,54,1,3,4,9,1,37,0,0
41443.0,171,7,171,25,19,89,6,8,1,5,8,45,1,0
52195.0,12,0,4,0,0,1,1,1,0,2,8,44,3,0
83790.0,1076,16,417,42,48,16,1,8,10,6,3,74,0,0
44551.0,182,4,33,0,0,66,2,4,1,5,7,68,1,0
69508.0,824,32,162,42,32,43,2,11,4,11,6,42,1,0
45204.0,30,11,25,29,1,18,1,1,1,4,3,34,1,0
72460.0,377,10,540,80,30,10,1,3,5,7,1,53,0,0
77622.0,520,7,154,19,0,14,2,6,3,11,3,52,2,0
30732.0,155,1,25,0,1,3,4,4,1,4,8,42,1,0
63887.0,897,23,207,15,11,92,5,9,6,12,6,60,1,0
42011.0,131,0,16,2,1,39,4,3,1,4,8,44,1,0
51369.0,297,7,79,0,11,182,2,8,2,4,8,46,1,0
51537.0,787,20,204,0,0,92,3,2,2,11,8,70,1,0
79930.0,792,86,740,67,51,17,1,3,5,8,2,50,0,0
34320.0,4,1,9,3,0,0,1,1,0,2,8,36,1,0
37070.0,231,7,137,4,15,39,9,5,1,8,7,56,2,0
81975.0,983,76,184,180,138,27,1,6,3,4,7,60,1,0
38590.0,3,1,8,4,3,3,1,1,0,2,8,51,1,0
62745.0,562,21,464,28,10,32,3,7,8,11,5,57,1,0
22212.0,5,9,20,6,8,21,2,2,0,4,6,47,1,0
23661.0,18,0,4,0,0,1,1,1,0,3,7,40,1,0
79761.0,415,5,124,15,35,11,1,5,2,11,3,64,1,0
73455.0,901,61,757,186,163,20,1,6,5,10,3,54,0,0
64961.0,382,114,276,75,124,38,2,6,4,4,3,64,1,0
22804.0,14,1,7,2,1,1,1,2,0,2,9,51,1,0
73687.0,559,153,503,218,13,181,1,3,9,9,2,32,0,1
61074.0,789,0,133,0,28,152,7,11,5,8,7,64,1,0
31686.0,11,0,5,0,0,1,2,1,0,3,6,58,2,0
80134.0,1218,16,272,104,0,80,2,5,3,6,6,50,1,1
75027.0,925,64,179,133,12,77,2,9,4,6,5,69,1,0
67546.0,864,134,768,150,38,172,1,4,10,5,3,34,0,0
65176.0,960,28,183,220,70,70,4,9,6,6,6,53,1,0
31160.0,16,3,25,6,1,13,2,2,0,3,8,47,1,0
29938.0,3,3,7,0,2,11,2,1,0,3,6,37,1,0
102692.0,168,148,444,32,172,148,1,6,9,13,2,48,0,2
26490.0,45,47,52,21,20,25,2,3,1,5,6,64,0,0
75702.0,650,28,353,45,42,30,5,4,6,11,8,55,2,0
30899.0,24,0,8,0,0,1,2,1,0,3,6,48,1,0
63342.0,918,21,118,13,10,21,3,8,3,5,6,61,1,0
45989.0,138,33,87,28,24,12,4,3,2,7,3,58,1,0
40737.0,11,0,4,0,0,2,1,1,0,2,8,65,3,0
69674.0,554,41,215,11,0,24,3,10,2,10,5,54,2,0
44159.0,167,2,62,24,13,7,4,4,1,6,5,52,1,0
37717.0,9,0,6,4,1,5,1,1,0,2,9,44,1,0
43776.0,177,2,71,3,2,20,6,5,2,4,8,70,2,0
38179.0,38,4,22,4,2,20,4,3,1,3,7,56,2,0
80124.0,483,84,398,205,84,241,1,3,7,8,1,59,0,1
38097.0,77,2,35,0,1,69,4,3,2,2,7,52,2,1
72940.0,182,74,298,162,149,116,1,3,3,6,1,52,0,0
22070.0,10,7,19,8,2,21,2,2,2,2,6,52,1,0
69267.0,778,44,499,95,73,146,2,3,4,5,7,69,0,0
31788.0,16,7,23,0,8,6,3,3,0,4,5,39,1,0
61905.0,167,0,43,6,2,13,2,4,2,4,5,47,1,0
29315.0,13,2,14,8,7,4,4,2,0,4,6,62,2,0
33378.0,33,6,40,3,7,10,3,2,0,4,7,59,2,0
66313.0,625,7,99,10,22,7,2,6,3,12,4,59,1,0
60714.0,216,162,224,101,92,162,2,7,4,10,5,66,0,0
77882.0,68,129,396,188,22,15,1,3,3,5,1,41,0,0
69867.0,196,0,512,33,130,54,1,3,5,8,1,36,0,1
63841.0,635,15,100,20,7,131,1,9,3,9,6,54,1,0
24480.0,4,19,9,28,25,17,3,3,0,4,7,41,1,0
51369.0,297,7,79,0,11,182,2,8,2,4,8,46,1,0
37760.0,84,5,38,150,12,28,2,4,1,6,7,76,0,0
65640.0,204,7,149,20,15,66,1,5,1,8,2,48,1,0
44319.0,26,0,8,0,0,3,2,2,0,3,5,47,2,0
30631.0,15,6,20,4,5,20,1,3,1,2,7,48,1,0
75278.0,304,98,230,150,74,74,1,6,3,13,3,70,0,0
50898.0,285,28,242,55,114,135,13,6,2,12,5,66,2,0
79946.0,395,183,565,166,141,28,1,5,11,5,3,56,0,0
35416.0,248,3,81,4,3,51,3,7,1,5,8,73,0,0
32414.0,20,6,5,0,9,12,1,1,0,3,7,38,0,1
38361.0,39,0,56,20,8,14,3,3,1,3,7,53,1,0
82497.0,777,129,573,216,21,203,1,2,7,9,4,42,0,0
29672.0,9,1,3,0,4,8,1,0,0,3,6,57,2,0
55951.0,1241,0,80,0,13,40,3,3,6,11,8,70,1,1
35388.0,6,4,7,4,3,8,1,1,0,3,7,34,1,0
42386.0,65,4,16,0,4,11,1,3,0,3,8,36,1,0
68627.0,395,15,263,60,54,38,1,2,3,6,1,40,0,0
57912.0,801,0,80,0,0,35,5,8,3,12,5,57,1,0
35246.0,36,0,12,2,2,10,4,3,1,3,5,64,2,0
58821.0,513,14,154,19,0,28,1,9,2,9,6,66,1,0
46377.0,37,0,46,4,3,0,1,2,1,3,4,44,1,0
39747.0,80,15,93,20,13,52,3,5,1,4,8,34,1,0
23976.0,14,1,21,2,3,25,3,3,1,3,7,38,1,0
80950.0,525,147,112,219,147,63,1,6,7,9,2,61,0,1
27038.0,1,26,25,17,23,15,1,3,0,3,9,56,0,0
77457.0,675,11,400,15,45,11,1,2,5,10,1,75,0,0
64100.0,509,0,27,0,0,10,1,8,3,6,7,58,1,0
42670.0,154,2,46,20,4,15,1,4,2,4,4,30,0,0
22574.0,25,0,8,2,0,2,2,2,0,3,7,55,3,0
70893.0,768,44,561,77,44,14,1,6,6,10,3,46,0,0
54198.0,185,0,28,3,2,17,6,3,1,6,4,56,2,0
28839.0,24,0,7,0,0,1,2,2,0,3,5,66,2,0
40321.0,44,4,21,6,0,27,2,3,0,3,7,50,2,0
66503.0,91,64,128,65,3,50,2,4,3,6,3,37,1,0
30833.0,11,0,7,3,1,6,2,1,0,3,5,71,2,0
64795.0,412,5,119,38,29,77,3,3,3,12,2,51,1,0
34421.0,3,3,7,6,2,9,1,1,0,2,7,48,1,0
47025.0,16,0,3,0,0,1,1,1,0,2,7,57,2,0
64325.0,731,60,353,78,12,73,5,10,3,5,7,61,1,0
40464.0,424,17,118,7,23,41,6,8,2,8,8,69,1,0
62187.0,792,0,275,45,45,126,1,4,8,5,3,65,0,0
27255.0,22,1,11,0,1,2,1,1,0,3,7,38,1,0
54432.0,33,0,5,0,0,0,1,1,0,3,4,72,3,0
29999.0,68,7,59,10,5,11,4,3,1,4,8,36,1,0
24072.0,9,1,6,3,0,4,1,1,0,2,8,39,1,0
33996.0,40,2,15,8,0,6,1,1,1,3,4,33,0,0
66334.0,909,11,218,0,0,23,2,9,3,5,5,66,1,0
35178.0,23,1,13,2,2,18,1,1,1,2,7,51,1,1
22010.0,11,2,9,3,0,8,2,2,0,3,8,39,1,0
62204.0,317,46,247,151,46,139,1,4,5,12,3,62,2,0
75693.0,797,153,293,72,97,30,1,11,4,6,4,54,0,1
30675.0,10,2,16,11,2,21,1,1,0,3,8,50,1,0
83003.0,856,61,570,40,25,122,1,7,6,8,3,57,0,0
68655.0,456,19,832,75,118,38,1,4,5,11,3,34,0,0
41411.0,37,32,38,11,3,18,1,2,1,4,6,36,0,0
55212.0,1103,0,45,0,0,34,3,4,2,11,8,53,1,1
59292.0,378,14,68,19,14,14,2,3,5,8,3,72,1,0
27190.0,1,6,7,0,1,3,1,1,0,2,8,49,1,1
82623.0,204,34,204,172,153,173,1,2,9,4,1,70,0,0
44300.0,30,0,9,0,0,3,2,1,0,3,6,57,2,0
84835.0,189,104,379,111,189,218,1,4,4,6,1,52,0,0
30372.0,15,0,12,7,3,7,3,2,0,3,7,51,2,0
33181.0,9,0,3,0,0,4,1,1,0,2,6,46,1,1
71113.0,495,33,255,11,33,8,4,6,7,9,4,65,1,0
71952.0,656,80,455,52,107,93,2,8,4,8,4,36,1,1
69759.0,452,20,514,13,30,0,3,4,6,5,3,56,0,0
72099.0,546,91,410,119,0,22,1,3,4,10,1,48,0,0
60000.0,1048,0,217,0,0,12,5,11,3,5,6,46,1,0
38643.0,22,2,14,0,1,10,2,2,0,3,7,44,2,0
50737.0,78,0,11,0,0,10,1,2,0,4,6,67,1,0
68462.0,561,64,785,84,128,48,1,3,3,8,1,53,0,0
65073.0,629,17,177,69,0,8,1,5,3,5,2,79,0,0
46681.0,269,15,69,15,19,38,2,4,6,4,5,74,2,0
78618.0,736,163,818,212,163,61,1,4,7,10,2,65,0,0
62187.0,512,0,83,0,0,41,3,6,2,10,4,53,1,0
28442.0,19,3,10,11,8,6,3,2,1,4,4,44,2,0
37717.0,9,0,6,4,1,5,1,1,0,2,9,44,1,0
51479.0,247,8,160,6,8,65,7,6,3,6,7,55,2,0
54803.0,404,0,92,28,27,142,2,6,2,9,4,53,1,0
79530.0,333,0,815,129,42,29,1,4,10,11,2,62,0,0
31615.0,2,3,20,6,11,9,2,2,0,3,7,46,1,0
72025.0,833,33,549,151,133,233,1,4,3,8,3,60,0,0
52614.0,789,0,142,12,9,38,2,2,4,8,8,47,1,0
35684.0,10,4,7,0,6,3,1,1,0,3,6,38,1,0
48178.0,159,4,45,6,2,38,6,5,1,4,8,47,2,0
29548.0,7,1,6,3,1,11,1,1,1,2,4,52,1,1
63810.0,977,12,253,16,12,101,4,4,3,12,8,56,1,0
38578.0,38,4,22,3,3,3,3,3,0,3,8,50,2,0
46098.0,57,0,27,0,0,36,4,3,2,2,8,47,2,0
22585.0,3,9,15,13,2,39,1,1,1,2,9,52,0,1
30279.0,10,4,14,4,4,1,1,1,0,3,8,33,1,0
66426.0,1043,24,97,32,24,157,2,3,5,10,6,61,1,0
30822.0,3,9,13,2,12,12,1,1,0,3,7,53,1,0
33581.0,11,0,5,0,0,1,1,1,0,2,8,53,2,0
27421.0,43,12,96,78,40,55,3,4,1,6,7,68,0,0
35688.0,73,3,90,12,1,32,7,4,1,4,8,49,3,0
36143.0,12,0,1,0,0,6,1,0,1,2,3,41,1,0
43795.0,314,11,53,4,3,107,3,7,3,4,7,54,1,0
63381.0,571,50,142,33,50,159,4,4,5,13,2,62,1,0
38823.0,70,0,11,2,8,23,1,2,1,3,6,73,1,0
83664.0,866,21,151,28,21,86,3,2,2,12,5,54,2,0
90300.0,594,134,786,33,134,57,0,5,6,8,1,43,0,0
62499.0,140,4,61,0,13,4,2,3,1,6,4,43,1,0
74293.0,375,152,335,93,91,81,1,5,4,6,2,29,0,0
51012.0,102,9,63,2,9,24,1,4,1,4,6,76,0,0
70777.0,554,35,113,0,7,78,3,5,3,12,3,54,1,0
68682.0,919,0,505,99,30,45,1,4,9,10,2,31,0,0
43824.0,96,1,42,12,3,32,4,3,1,4,8,51,2,0
23442.0,2,0,6,8,6,5,1,1,0,3,7,35,1,0
31395.0,23,1,25,0,8,7,4,2,1,3,6,66,2,0
75276.0,610,105,125,137,42,21,1,9,4,9,5,57,0,0
42373.0,67,5,61,3,8,19,5,2,1,5,5,48,2,0
30507.0,65,36,74,38,20,110,1,5,1,4,7,62,0,0
55521.0,416,0,26,0,0,4,9,6,3,6,7,67,3,0
48006.0,23,0,11,3,2,2,1,1,0,3,6,57,2,0
27213.0,19,3,26,10,9,3,3,2,0,4,8,50,1,0
65808.0,155,7,80,13,7,10,3,5,1,5,6,51,2,0
30351.0,14,0,24,3,3,2,1,3,0,2,9,48,1,0
50437.0,370,9,92,6,9,4,3,7,1,8,7,59,2,0
23616.0,4,22,11,3,7,32,2,3,0,3,8,40,1,0
53858.0,407,53,221,58,150,26,4,4,3,6,4,46,1,0
66465.0,1200,0,204,38,29,14,3,11,9,12,6,67,1,1
46923.0,85,44,54,102,78,6,3,5,1,7,7,35,1,0
75072.0,583,34,309,0,22,125,2,5,4,8,3,60,1,0
75865.0,483,0,591,156,0,12,1,3,5,10,1,79,0,0
80134.0,966,26,282,52,26,26,1,2,7,11,5,28,0,2
91065.0,822,114,108,179,137,114,1,7,9,9,3,41,0,1
49505.0,604,0,100,19,0,28,9,10,2,8,8,51,2,0
37401.0,19,3,19,3,1,3,2,2,0,3,7,49,1,0
30096.0,5,3,11,12,5,9,1,2,0,3,6,39,1,0
82584.0,1076,68,103,29,91,68,1,3,4,8,1,48,0,0
93027.0,1285,42,716,55,0,21,0,7,10,5,2,81,0,0
48686.0,10,0,7,2,0,1,1,1,0,2,8,69,3,0
92910.0,551,137,792,179,103,33,1,6,7,13,1,36,0,1
75433.0,800,0,297,0,34,57,2,2,5,10,6,33,1,1
61314.0,378,0,189,97,172,172,2,5,5,12,3,54,1,0
84865.0,1248,16,349,43,16,16,1,2,4,9,4,61,0,2
42387.0,235,0,235,19,4,191,5,8,1,7,8,33,1,0
67309.0,515,47,181,149,95,95,15,9,6,9,7,55,2,0
75236.0,438,66,400,12,38,114,1,8,3,13,4,58,1,0
30015.0,25,0,22,2,3,5,2,1,0,4,5,52,1,0
50943.0,31,0,7,2,0,6,1,1,0,3,5,66,1,0
67272.0,357,35,271,28,28,14,3,6,2,12,5,56,1,0
51529.0,400,4,35,6,0,22,2,9,1,5,8,73,1,0
32011.0,99,0,15,2,1,5,3,2,1,4,7,51,1,0
28691.0,5,4,13,8,0,4,1,1,0,3,8,33,1,0
56223.0,77,28,31,16,0,4,2,2,1,5,4,74,1,0
30279.0,10,4,14,4,4,1,1,1,0,3,8,33,1,0
20130.0,0,6,3,7,6,12,1,1,0,3,8,48,0,0
23295.0,0,0,1,2,12,5,1,1,0,2,8,63,0,0
42618.0,76,14,74,13,5,10,2,5,0,4,8,50,1,0
81246.0,398,190,537,61,156,37,1,4,5,7,1,58,0,2
24027.0,14,7,11,11,0,5,2,2,0,3,8,46,1,0
55707.0,208,7,82,30,66,35,2,3,2,9,3,69,1,0
57959.0,430,16,322,43,24,33,5,4,7,11,3,67,1,0
56796.0,656,38,161,62,47,37,3,8,9,7,7,53,1,0
36230.0,14,2,30,8,2,3,1,2,0,4,5,51,1,0
70829.0,141,70,106,72,19,23,2,4,2,8,3,42,2,0
65991.0,507,19,364,25,47,9,3,9,5,10,7,46,1,0
38988.0,164,24,103,12,3,42,7,5,1,6,8,50,3,0
89572.0,606,24,974,197,194,64,1,7,7,9,4,56,0,1
42207.0,116,11,72,3,17,46,4,4,1,5,6,38,1,1
50300.0,143,15,60,24,23,5,2,2,1,8,2,70,1,0
66664.0,398,96,447,220,96,32,1,5,7,6,3,40,0,0
60597.0,522,0,257,32,16,66,4,2,2,8,7,58,1,1
70165.0,161,0,253,199,191,122,1,3,7,11,1,73,0,0
50520.0,112,0,6,2,1,14,2,3,1,3,6,64,1,0
80124.0,483,84,398,205,84,241,1,3,7,8,1,59,0,1
33183.0,7,5,39,17,15,37,2,4,0,3,7,47,1,0
66582.0,789,25,420,16,38,0,1,2,8,9,1,53,0,0
75261.0,1239,17,413,23,34,17,1,5,6,5,2,67,0,0
31880.0,4,1,5,2,0,3,1,1,0,2,8,52,1,0
53790.0,335,42,127,28,5,5,3,7,2,8,6,71,2,0
49269.0,639,8,166,11,8,58,3,7,3,12,7,51,1,0
61456.0,563,76,384,84,192,89,4,6,10,13,4,47,1,0
37406.0,2,0,8,2,2,3,1,1,0,2,8,42,1,0
56937.0,746,8,125,11,8,8,7,8,6,9,6,41,1,0
38415.0,22,1,13,4,0,4,2,1,0,3,7,44,2,0
20518.0,4,1,6,4,1,9,1,1,1,2,5,34,1,0
62503.0,478,0,193,110,75,117,4,8,3,11,5,66,1,0
41644.0,20,3,4,2,0,2,2,1,0,3,3,50,2,0
55842.0,451,0,39,0,4,24,1,7,1,8,5,45,1,0
62010.0,371,22,39,6,0,92,4,6,2,7,5,50,1,0
41124.0,281,7,84,15,0,119,7,7,3,4,8,45,1,0
38961.0,19,7,19,0,1,24,1,2,1,2,7,49,1,0
37760.0,26,3,13,2,10,0,1,2,0,3,6,50,1,0
32233.0,138,15,35,25,11,72,2,6,2,2,9,48,1,1
43057.0,213,2,44,0,2,5,4,4,2,5,5,47,1,0
83151.0,407,28,100,120,74,18,1,5,9,4,3,62,0,0
78825.0,483,74,114,169,37,18,1,5,10,13,3,58,0,0
65104.0,738,0,232,13,20,50,2,3,5,7,7,46,1,0
60093.0,502,12,109,16,6,90,2,7,2,10,6,48,1,0
28457.0,24,1,108,29,29,14,1,4,1,4,8,70,0,0
78952.0,1170,19,594,99,76,134,2,2,5,12,6,64,1,0
46310.0,185,2,88,15,5,14,2,6,1,5,8,46,1,0
76005.0,983,20,389,240,50,40,1,3,5,13,6,67,0,1
58308.0,691,0,69,10,0,130,4,2,6,3,8,58,1,0
55614.0,504,13,131,8,0,26,1,9,4,6,7,78,0,0
59432.0,317,25,265,25,19,12,3,5,3,11,5,60,1,0
55563.0,29,1,9,2,0,2,1,2,0,3,3,44,1,0
78642.0,1396,0,322,46,35,17,1,4,9,4,6,51,1,0
67911.0,529,0,356,63,28,0,3,6,7,11,3,73,1,0
65275.0,388,14,218,91,14,21,1,4,3,13,2,78,0,0
27203.0,13,2,21,4,0,24,2,1,1,2,8,72,2,0
48330.0,28,0,4,0,0,0,1,1,0,3,5,61,1,0
24279.0,16,36,21,20,62,108,1,4,1,3,8,32,0,0
64355.0,1047,0,140,67,38,153,2,4,3,12,8,37,1,0
50943.0,31,0,7,2,0,6,1,1,0,3,5,66,1,0
53653.0,815,10,239,28,10,108,2,10,4,12,6,69,0,0
65665.0,225,162,387,106,36,29,1,5,10,8,3,46,1,0
81217.0,493,70,324,146,40,84,1,3,7,11,1,33,0,0
34935.0,34,4,66,3,10,20,1,2,1,4,7,30,0,0
61250.0,382,138,65,60,26,59,6,5,2,12,5,63,1,0
39665.0,127,1,56,0,1,31,3,4,2,3,7,41,1,1
60152.0,325,83,300,86,58,91,1,6,4,12,3,43,1,0
48920.0,238,17,68,8,10,6,3,6,2,5,7,58,2,0
89120.0,1168,92,408,72,129,55,1,5,6,7,1,63,0,0
44124.0,284,0,55,0,6,52,4,6,2,5,8,76,1,0
81169.0,1288,20,613,80,61,27,1,5,7,9,2,47,0,0
36443.0,65,0,46,4,3,20,4,3,1,3,8,61,2,0
26095.0,11,7,9,3,1,11,1,1,0,3,7,32,1,0
71367.0,227,23,389,42,21,75,1,4,5,7,2,63,0,0
80184.0,1035,134,670,25,38,0,1,6,3,10,3,78,0,1
30630.0,27,1,12,2,0,10,2,2,0,3,7,57,2,0
73454.0,982,73,351,56,14,175,1,2,4,6,5,35,0,1
42691.0,179,2,64,38,17,58,1,5,1,6,5,31,0,0
70503.0,1379,33,216,0,33,66,1,2,4,9,6,69,0,0
25545.0,32,1,64,16,12,85,3,2,2,3,6,35,1,0
32880.0,8,4,15,7,6,2,1,1,0,3,8,36,1,0
77863.0,881,38,319,16,25,12,1,4,5,10,2,64,0,0
50353.0,141,15,153,67,31,35,1,4,4,6,3,45,0,0
61839.0,1000,155,379,224,17,120,1,4,8,4,8,58,0,0
49154.0,206,10,67,30,27,71,6,4,1,8,6,62,2,0
47682.0,162,61,83,97,57,61,4,4,3,8,5,47,1,0
72679.0,619,54,260,127,54,54,1,4,7,5,1,53,1,0
57954.0,456,4,24,0,0,9,7,8,2,6,7,45,2,0
65316.0,112,6,92,3,9,38,2,3,2,5,4,60,2,0
28567.0,11,3,22,2,2,6,2,2,0,3,6,40,1,0
47352.0,172,12,112,8,0,15,4,6,1,5,7,71,1,0
44931.0,78,0,11,0,0,7,1,2,1,3,5,55,1,0
76982.0,464,151,292,65,60,30,1,8,3,4,4,55,0,0
57247.0,99,4,32,37,54,6,2,2,1,7,2,70,1,0
22944.0,19,3,19,4,5,26,3,3,0,3,7,41,1,0
25315.0,1,9,8,11,3,22,3,3,0,3,8,45,1,0
43638.0,63,10,83,7,19,19,2,4,1,4,7,53,1,0
42710.0,252,3,42,4,3,102,2,4,5,3,6,38,1,0
84169.0,1478,19,403,0,19,0,1,7,6,6,3,40,0,0
54058.0,198,18,252,32,108,54,2,4,6,8,3,46,1,0
24683.0,8,4,10,6,7,6,2,2,0,4,5,32,1,0
85620.0,416,46,925,60,107,46,1,3,6,4,1,58,0,0
47850.0,42,7,43,20,12,10,1,3,0,4,6,42,1,0
27159.0,17,0,3,0,0,1,2,1,0,3,6,49,2,0
39548.0,15,4,10,3,4,18,2,1,1,3,3,59,2,0
21474.0,6,16,24,11,0,34,2,3,1,2,7,33,1,1
60504.0,458,0,24,6,4,34,2,6,2,8,6,51,1,0
22419.0,30,3,47,19,21,42,1,3,2,2,8,59,0,0
81698.0,179,28,520,111,123,47,1,3,8,13,1,73,0,0
43462.0,90,17,97,15,6,15,6,4,1,5,8,70,2,0
54880.0,308,85,137,102,45,118,2,6,2,11,5,44,1,0
79908.0,557,129,761,29,185,111,1,5,6,7,2,40,0,0
87771.0,1492,38,287,50,57,33,1,5,10,4,6,63,1,2
33039.0,30,8,12,8,8,12,1,2,0,4,5,44,1,0
81741.0,249,153,940,58,134,38,0,6,6,7,2,42,0,0
71499.0,465,25,132,136,0,37,2,8,3,13,4,51,1,0
62466.0,129,129,259,168,121,83,5,6,3,12,4,52,1,0
48799.0,174,18,81,28,6,24,3,3,2,7,3,59,1,0
52157.0,189,2,29,3,2,40,2,3,2,5,4,72,1,0
66565.0,747,10,161,65,40,42,4,4,2,9,8,60,1,0
29298.0,6,0,2,2,0,1,1,1,0,2,5,71,2,0
47691.0,14,0,3,0,0,4,1,1,0,2,6,43,1,0
38200.0,12,0,4,0,0,1,1,1,0,2,7,52,2,0
44989.0,98,0,106,49,10,106,5,5,1,5,6,48,1,0
38443.0,32,0,5,0,0,1,2,1,0,3,7,54,2,0
38593.0,51,12,49,17,24,24,3,4,1,3,8,44,1,0
64413.0,200,5,44,0,10,20,1,5,1,5,5,52,1,0
36959.0,25,6,25,6,0,0,2,2,0,3,8,41,1,0
61996.0,1050,12,144,0,0,24,3,6,4,8,5,45,1,2
51287.0,117,0,22,13,0,30,3,4,1,3,7,54,2,0
47472.0,56,0,11,0,0,8,2,2,0,4,5,56,2,0
54603.0,145,13,46,17,2,4,6,4,2,4,7,66,2,0
45207.0,203,0,10,0,0,2,5,3,1,6,6,48,2,0
40689.0,270,3,27,39,6,99,7,7,1,5,8,71,1,0
47821.0,9,0,16,6,6,10,1,1,0,3,8,55,2,0
27450.0,37,12,23,8,11,52,1,2,1,3,7,71,0,0
39453.0,46,0,7,0,0,2,2,2,0,3,6,39,1,0
26850.0,31,1,13,7,2,9,4,2,1,4,4,51,2,0
79800.0,1060,21,530,32,0,224,1,5,11,5,3,67,0,2
61794.0,264,47,188,54,47,11,2,4,4,10,2,61,1,0
53863.0,399,4,30,6,4,30,3,7,1,7,7,67,1,0
24221.0,8,9,9,2,5,22,1,1,1,3,4,63,0,0
39684.0,19,0,35,6,4,17,2,2,1,2,7,38,1,0
92163.0,817,183,797,106,163,20,0,5,11,5,2,47,0,1
69882.0,292,127,635,132,127,165,1,3,7,9,1,57,0,0
33178.0,12,6,2,11,2,16,1,1,0,3,4,45,1,0
59973.0,130,30,168,20,34,0,1,3,4,7,1,50,0,0
23910.0,16,12,18,7,1,13,1,2,0,3,7,53,1,0
42169.0,19,0,9,0,0,2,2,1,0,3,8,53,2,0
26224.0,4,7,15,13,9,15,3,2,1,3,6,44,1,0
31089.0,31,3,31,2,8,4,3,3,0,4,8,41,1,0
30081.0,36,0,2,0,0,4,1,1,0,3,7,61,1,0
62807.0,526,28,135,10,21,99,3,5,3,12,5,62,1,0
72906.0,400,32,519,71,75,54,1,3,4,9,1,67,0,0
61467.0,410,16,114,0,5,49,3,5,2,10,5,74,2,0
49618.0,80,3,26,4,2,14,4,3,1,3,7,56,2,0
21888.0,88,10,46,2,3,64,4,5,1,2,10,36,1,0
42429.0,55,0,6,2,0,4,2,1,1,3,5,49,1,0
26150.0,5,1,13,3,5,1,1,1,0,3,7,66,3,0
30801.0,8,4,5,15,2,11,2,1,0,3,7,47,1,0
81168.0,410,0,592,147,22,22,1,6,4,7,3,57,0,1
26877.0,101,13,76,20,18,40,2,3,1,6,6,53,0,0
45006.0,162,25,53,16,0,10,1,3,1,7,3,78,0,0
22574.0,25,0,8,2,0,2,2,2,0,3,7,55,3,0
48240.0,389,91,248,64,49,41,3,6,3,13,5,53,0,0
45837.0,215,13,87,17,17,24,5,6,2,5,7,48,2,0
35791.0,27,0,5,0,0,3,2,1,0,3,8,57,3,0
54162.0,5,6,10,6,5,10,1,1,0,3,4,44,2,0
30522.0,179,8,83,19,11,26,5,1,2,9,2,62,1,0
54456.0,352,0,27,10,0,15,3,6,1,7,6,61,1,0
31632.0,17,8,12,11,15,32,1,2,1,2,7,51,0,0
72298.0,625,35,169,58,17,35,1,4,3,6,1,73,0,0
36975.0,10,6,11,0,4,2,1,1,0,3,7,44,1,0
72635.0,390,22,323,104,35,107,1,6,8,6,3,67,0,1
84196.0,215,63,507,231,31,190,1,8,4,7,3,47,1,0
70971.0,1001,17,572,93,125,17,7,11,11,5,7,62,1,0
34487.0,19,18,33,24,1,8,3,3,0,3,9,45,2,0
28769.0,41,5,129,10,3,3,3,4,1,4,9,45,1,0
69084.0,1181,107,199,39,30,30,2,7,3,13,8,52,1,0
65488.0,603,45,207,36,18,54,1,3,4,6,1,64,0,0
62466.0,129,129,259,168,121,83,5,6,3,12,4,52,1,0
32218.0,10,24,15,13,1,30,1,2,1,3,7,62,0,1
83917.0,514,22,732,42,198,79,1,6,7,7,3,49,0,0
46102.0,14,0,1,0,0,1,1,1,0,2,7,60,3,0
84574.0,387,20,713,38,54,163,1,9,11,11,5,70,0,0
56181.0,121,103,69,8,44,48,1,4,2,7,4,60,1,0
63120.0,965,69,279,54,41,69,5,8,4,9,7,72,1,0
73691.0,707,21,250,85,43,73,2,6,2,8,2,51,1,1
63381.0,571,50,142,33,50,159,4,4,5,13,2,62,1,0
76140.0,586,66,653,17,0,26,1,5,9,6,2,74,0,0
62859.0,1063,89,102,16,12,25,4,9,4,6,6,63,1,0
45906.0,305,3,27,4,3,144,2,5,4,4,5,58,1,1
77632.0,1200,105,758,0,42,147,1,4,2,6,2,75,0,0
46463.0,163,2,40,8,11,11,7,3,1,6,6,51,2,0
105471.0,1009,181,104,202,21,207,0,9,8,13,3,52,0,1
55282.0,125,6,73,8,4,19,1,3,1,6,4,52,1,0
78710.0,721,0,152,119,50,50,3,7,6,12,4,45,1,0
66886.0,315,4,62,41,31,146,2,7,1,7,5,64,1,0
98777.0,1000,19,711,125,115,38,0,4,6,9,1,62,0,0
29103.0,16,0,17,6,3,6,2,1,0,3,9,37,1,0
67445.0,757,80,217,29,80,11,5,9,6,12,6,48,1,0
50616.0,30,2,25,0,1,9,1,1,1,4,2,72,1,0
49431.0,219,3,100,26,0,17,2,7,1,5,8,67,1,0
61278.0,111,3,28,2,6,15,2,3,1,4,6,69,1,0
26490.0,45,47,52,21,20,25,2,3,1,5,6,64,0,0
73059.0,410,112,420,0,82,71,1,9,3,13,4,75,1,0
46734.0,100,1,39,6,1,76,4,3,2,3,6,56,3,1
56253.0,509,0,65,7,11,5,4,7,2,9,6,59,1,0
58330.0,445,53,213,104,98,151,1,6,4,13,4,47,1,0
25965.0,2,2,11,41,7,11,1,2,0,3,8,42,0,0
45068.0,14,0,3,0,0,3,1,1,0,2,7,48,1,0
21063.0,1,10,11,19,3,15,2,2,0,3,6,35,1,0
29187.0,26,0,6,0,0,2,1,1,0,3,8,54,1,0
54690.0,111,16,37,7,9,18,3,3,1,5,3,51,2,0
59304.0,418,61,428,80,51,10,3,7,8,10,5,58,1,0
59247.0,327,9,122,19,14,83,5,5,2,9,6,60,2,0
66731.0,371,159,194,58,106,141,4,4,3,6,3,52,1,0
77353.0,275,59,107,69,101,59,2,6,4,8,4,42,1,0
52614.0,789,0,142,12,9,38,2,2,4,8,8,47,1,0
26751.0,1,1,5,0,3,1,1,1,0,2,8,48,2,0
81300.0,1004,12,145,32,12,36,3,10,3,5,5,59,1,1
70337.0,187,81,149,25,43,91,1,2,2,12,1,43,0,0
36145.0,56,4,76,17,1,18,4,4,1,3,9,37,1,1
65295.0,365,32,117,34,110,6,1,3,3,13,2,42,0,0
68118.0,595,23,123,10,23,154,2,8,9,4,6,59,1,0
68743.0,1132,134,384,175,134,115,1,11,5,13,7,55,0,0
41039.0,34,11,137,179,61,45,1,8,1,5,8,40,0,0
38946.0,116,6,82,6,6,41,2,3,1,6,5,67,1,0
65777.0,565,32,435,28,32,54,1,2,8,6,1,55,0,0
66476.0,372,18,126,47,48,78,2,5,2,11,4,46,1,0
86857.0,899,102,838,133,102,40,1,5,6,10,2,50,0,0
77845.0,760,40,480,0,40,26,1,3,5,12,1,33,0,1
69476.0,260,86,559,63,9,67,1,4,6,4,2,53,0,0
50611.0,459,0,24,6,0,4,6,4,5,7,6,62,1,0
61209.0,466,0,224,119,49,99,1,5,3,4,2,52,0,0
42315.0,67,15,80,17,11,80,3,1,4,4,3,64,1,0
47570.0,67,1,20,0,2,31,3,2,2,2,7,73,2,0
61923.0,92,4,18,3,3,6,1,2,1,4,3,61,2,0
34824.0,4,2,11,2,0,4,1,1,0,2,6,27,0,0
26518.0,20,1,28,3,3,2,3,2,0,3,8,73,2,0
45938.0,273,11,178,62,83,29,2,8,4,6,6,61,0,0
78468.0,434,22,388,104,22,34,1,10,7,10,4,62,0,1
78901.0,321,11,309,33,26,34,3,9,3,5,4,49,1,0
71427.0,212,123,177,15,64,23,2,8,2,8,4,44,2,0
71022.0,909,12,278,0,12,242,3,5,2,11,8,44,1,1
90247.0,1184,32,352,21,16,16,1,3,4,7,1,34,0,1
41335.0,112,19,21,16,14,5,3,4,1,4,7,54,1,0
71952.0,656,80,455,52,107,93,2,8,4,8,4,36,1,1
35682.0,23,0,8,6,2,18,1,1,1,3,2,52,1,0
43185.0,537,6,42,16,6,30,2,9,3,6,8,71,1,0
66375.0,712,0,45,0,0,191,3,2,4,5,7,74,1,1
35178.0,23,1,13,2,2,18,1,1,1,2,7,51,1,1
25252.0,1,3,4,2,2,6,1,1,0,2,8,36,1,0
55250.0,664,58,83,32,0,66,4,7,5,10,5,57,1,0
33249.0,6,10,21,19,14,42,2,2,1,3,6,47,1,0
58398.0,299,5,201,21,21,49,3,5,4,8,4,69,0,0
50272.0,99,13,66,43,8,4,3,4,1,5,7,40,1,0
76618.0,749,40,294,121,160,147,1,3,2,5,1,47,0,0
87305.0,345,25,501,63,138,80,1,5,3,8,2,62,0,0
25851.0,9,4,18,7,5,5,2,2,0,3,7,44,1,0
58710.0,440,81,368,0,122,174,6,11,5,9,6,52,1,0
45160.0,8,2,5,3,0,3,1,1,0,2,7,64,2,0
74806.0,670,9,249,0,28,9,2,5,4,5,4,57,1,0
59111.0,524,0,134,28,28,155,1,11,1,8,7,68,0,0
72190.0,597,166,597,172,166,249,1,5,6,4,3,57,0,0
44794.0,54,0,7,0,0,4,1,2,0,3,6,56,1,0
80395.0,445,25,706,80,76,48,1,6,5,12,2,67,0,1
75012.0,294,142,218,164,58,151,1,3,8,11,1,46,0,0
56962.0,292,3,77,10,3,26,7,6,3,5,7,57,3,0
89891.0,412,22,132,59,28,183,1,11,6,8,4,31,0,0
35946.0,8,0,3,0,0,0,1,0,0,3,5,73,2,0
53593.0,349,4,78,6,0,43,8,7,2,6,8,69,2,0
66373.0,328,9,124,12,24,109,7,4,2,10,3,44,2,0
45072.0,144,2,99,7,2,30,5,6,1,4,8,74,3,0
89694.0,1126,28,211,37,28,42,3,4,3,4,5,49,2,1
72025.0,967,0,617,43,50,0,1,4,8,13,2,73,0,1
67432.0,432,79,341,177,136,170,2,8,5,4,4,49,1,0
70545.0,138,39,63,55,18,21,1,4,1,7,2,70,1,0
62882.0,509,133,497,78,24,97,2,7,5,6,4,53,1,0
64108.0,948,10,86,13,21,21,4,6,9,11,5,69,1,0
34941.0,39,2,25,4,3,24,2,3,0,3,8,66,2,0
48767.0,28,1,21,3,0,10,3,2,1,3,5,72,3,0
38702.0,13,11,24,13,8,40,2,3,0,4,6,44,1,0
82224.0,307,26,360,138,31,40,1,6,9,5,3,58,0,1
83844.0,901,31,345,75,31,191,1,4,4,11,1,70,0,0
71163.0,283,17,372,138,106,44,1,3,8,12,1,27,0,0
33697.0,4,3,7,0,3,11,1,1,0,2,7,52,1,1
63564.0,769,80,252,15,34,65,1,10,10,7,6,68,0,1
83443.0,518,42,742,55,56,84,1,6,10,5,2,50,0,0
51518.0,350,8,66,17,4,4,2,3,2,10,3,64,1,0
58330.0,445,53,213,104,98,151,1,6,4,13,4,47,1,0
80952.0,778,178,689,41,27,44,1,8,5,11,8,53,0,1
75507.0,709,93,374,104,80,80,1,8,6,6,3,43,0,0
63855.0,359,35,314,93,116,89,1,7,3,13,4,44,0,0
62220.0,799,12,375,16,12,12,5,7,6,5,6,50,1,0
58512.0,895,10,101,13,0,152,5,3,4,8,8,58,1,0
40662.0,40,2,23,0,4,23,2,2,1,3,4,43,1,0
38829.0,76,0,7,0,0,16,1,3,2,2,5,63,1,0
35523.0,11,5,22,12,5,11,2,3,0,3,7,41,1,0
79146.0,245,16,223,21,43,16,2,8,1,8,6,55,2,0
78285.0,647,107,391,175,67,40,1,6,4,10,3,34,0,0
31626.0,39,1,9,2,1,34,1,2,1,2,7,44,1,1
75127.0,203,35,305,46,17,227,1,2,11,5,1,70,0,0
48726.0,138,3,38,4,0,59,3,3,2,4,6,67,1,0
74985.0,587,51,898,247,0,86,1,3,6,7,2,45,0,0
67430.0,595,97,291,127,133,121,1,11,5,12,6,35,0,0
46891.0,43,12,23,29,15,61,1,2,1,4,4,57,1,0
62058.0,301,7,74,10,0,58,4,6,1,7,6,66,1,0
72063.0,180,32,348,76,32,90,2,5,2,12,2,43,1,0
78939.0,794,115,243,150,0,205,1,8,5,6,3,71,0,0
42720.0,392,5,91,28,26,112,8,7,3,7,8,57,2,0
33622.0,39,1,22,3,4,12,3,2,0,4,7,50,2,0
41452.0,13,0,3,0,0,0,1,1,0,2,7,69,2,0
40760.0,70,0,17,0,0,6,2,2,1,3,6,57,1,0
74250.0,680,11,392,75,0,0,1,2,11,4,1,64,0,0
51124.0,26,1,11,0,1,4,2,1,0,3,3,67,2,0
72258.0,522,0,522,227,120,134,2,6,9,5,2,51,1,0
71466.0,412,12,546,78,182,0,1,4,4,10,1,48,0,0
36283.0,6,5,5,8,0,5,2,1,0,3,4,46,2,0
20587.0,2,3,6,4,1,9,1,1,1,2,7,52,1,0
30467.0,1,3,8,2,5,5,1,1,0,2,7,50,1,0
31590.0,6,2,15,6,6,3,1,1,0,3,8,50,1,0
20425.0,4,12,5,3,16,17,2,2,0,3,7,36,1,0
42564.0,324,48,186,39,18,198,6,6,8,4,7,54,1,1
43783.0,327,9,125,25,4,139,6,7,1,8,7,44,1,1
40780.0,229,27,71,13,3,34,4,7,1,5,9,46,1,0
62847.0,521,168,706,80,76,61,1,3,6,4,2,77,0,0
82017.0,184,23,446,30,23,23,1,5,4,7,2,65,0,1
51267.0,183,2,64,7,2,12,4,3,3,5,4,44,2,0
46524.0,31,19,35,26,14,52,2,1,1,5,3,61,1,0
45183.0,219,3,60,12,9,12,1,4,1,7,7,60,0,0
70421.0,479,28,136,75,14,35,3,10,3,7,6,68,1,0
60161.0,584,44,212,46,8,177,3,11,4,8,8,57,1,0
73926.0,627,91,597,159,91,15,1,6,5,12,3,49,0,0
61872.0,330,5,159,36,27,16,4,4,4,9,4,52,1,0
46984.0,19,1,10,2,1,8,1,1,0,3,5,66,2,0
34838.0,28,23,29,29,14,47,3,2,1,4,6,71,2,0
82716.0,606,148,228,15,148,22,1,6,8,13,2,78,0,0
48192.0,1039,43,204,153,58,29,3,2,8,12,8,64,0,2
49681.0,411,0,26,0,0,21,6,7,1,7,7,46,2,0
56850.0,34,1,19,2,7,0,1,1,1,3,2,51,1,0
55267.0,161,28,136,32,3,45,4,3,4,6,3,65,1,0
59666.0,623,53,178,23,17,133,7,3,2,8,8,50,2,0
72504.0,604,26,470,123,161,94,2,5,9,6,2,50,1,0
26872.0,3,10,8,3,16,32,1,1,1,2,6,41,0,0
21359.0,12,2,17,6,1,10,2,2,0,3,8,50,1,0
73170.0,184,174,256,50,30,32,1,5,4,6,2,47,0,0
52750.0,393,0,239,90,69,69,6,5,7,9,4,67,1,0
91820.0,410,73,747,76,161,30,0,5,5,12,1,36,0,0
65968.0,376,9,83,19,4,4,2,5,4,7,3,52,1,0
30772.0,7,2,4,2,1,4,1,1,0,2,6,46,2,0
22507.0,68,0,226,51,157,68,3,10,2,4,9,68,0,0
65685.0,642,14,49,0,7,57,1,9,2,9,5,50,1,0
25804.0,8,7,9,13,6,12,2,2,0,3,8,44,1,0
76412.0,840,53,804,23,71,17,1,5,4,8,3,42,0,1
22063.0,7,10,13,3,11,11,2,2,0,3,7,50,1,0
57091.0,464,5,64,7,0,37,1,7,3,7,5,61,0,1
22419.0,30,3,47,19,21,42,1,3,2,2,8,59,0,0
87771.0,1492,38,287,50,57,33,1,5,10,4,6,63,1,2
78353.0,752,122,476,39,153,34,1,10,2,11,8,63,1,0
93404.0,1279,15,287,20,0,15,3,3,4,7,5,68,3,0
37859.0,22,1,8,2,1,2,2,1,0,3,8,60,3,0
80995.0,860,28,409,73,56,56,1,8,9,4,4,64,1,0
55412.0,10,5,28,11,1,8,1,2,0,3,5,46,2,0
48789.0,351,16,156,7,5,145,1,6,4,7,6,30,0,0
56575.0,421,5,90,0,16,10,3,7,3,7,5,55,2,0
25130.0,2,5,7,0,18,18,2,2,0,3,7,42,1,0
35441.0,25,1,9,2,1,1,2,1,0,3,8,55,2,0
71391.0,336,123,274,46,123,141,5,6,5,12,3,66,1,0
49494.0,191,9,97,0,6,82,2,6,1,5,7,50,1,0
81702.0,563,50,774,28,31,187,1,7,7,12,3,42,0,0
45889.0,31,0,6,0,1,8,1,1,0,3,6,42,1,0
56628.0,479,5,82,7,17,171,2,7,6,5,5,45,1,1
34026.0,18,6,15,12,8,17,3,2,1,3,5,72,2,0
40049.0,91,65,52,10,44,28,3,3,2,6,5,48,1,0
34176.0,5,7,24,19,14,20,4,3,0,4,6,34,1,0
82504.0,362,50,431,134,35,54,1,3,6,7,1,62,0,0
81205.0,724,74,929,97,55,130,1,5,6,7,2,52,0,2
61618.0,605,91,399,0,45,205,2,3,6,8,3,31,0,0
55284.0,547,7,140,0,7,63,3,7,5,8,5,66,1,0
49980.0,104,1,54,13,9,14,2,3,1,5,5,59,1,0
49166.0,224,2,25,7,0,110,2,5,3,3,6,48,1,0
65324.0,384,0,102,21,32,5,3,6,2,9,4,68,1,0
82347.0,556,54,845,202,133,63,1,7,7,10,3,65,0,2
30843.0,24,0,2,0,0,9,2,1,1,2,5,56,2,1
46374.0,408,0,21,0,0,17,3,7,1,7,8,48,1,1
60474.0,265,199,303,234,9,170,7,10,2,12,7,43,1,0
38576.0,34,0,7,0,0,0,1,1,0,3,7,49,1,0
55357.0,374,64,116,84,25,64,3,6,2,11,5,37,2,0
37758.0,27,2,10,0,0,1,2,1,0,3,8,56,2,0
85710.0,600,20,350,29,30,33,1,6,9,10,2,33,0,0
23228.0,13,2,18,6,1,0,2,2,0,3,8,53,1,0
44602.0,167,2,89,0,0,34,6,6,1,4,8,53,2,0
38683.0,46,35,69,84,41,66,6,4,1,6,7,33,1,0
49514.0,88,39,78,58,13,93,2,6,1,4,7,47,1,0
57906.0,243,11,119,10,3,15,3,4,2,8,4,49,1,0
43456.0,275,11,68,25,7,7,3,5,1,8,5,56,1,0
53172.0,121,62,90,68,20,125,3,2,3,8,3,44,1,0
30545.0,4,12,15,19,7,12,2,2,0,3,7,43,1,0
70123.0,1308,0,396,23,0,0,1,5,7,4,3,39,0,1
62450.0,515,47,267,62,66,38,2,5,5,4,3,63,1,0
21675.0,4,0,16,17,4,4,3,4,0,3,7,46,1,0
42395.0,48,13,57,24,15,25,4,3,1,4,7,41,2,0
61346.0,562,58,168,43,16,142,1,5,7,10,3,44,1,0
80812.0,769,22,500,210,143,33,1,4,8,5,2,69,0,2
42835.0,379,4,93,12,9,98,7,6,6,4,6,51,2,0
39922.0,29,12,59,19,1,36,2,3,0,4,8,39,1,0
86424.0,387,68,569,89,45,68,1,6,9,12,1,66,0,0
24762.0,6,10,12,3,15,40,3,3,1,2,8,50,1,1
35797.0,27,1,14,4,1,21,2,2,0,3,8,47,1,0
36627.0,9,1,5,0,0,1,1,0,0,3,5,47,2,0
51111.0,22,0,19,6,5,3,2,2,0,3,6,41,2,0
86857.0,899,102,838,133,102,40,1,5,6,10,2,50,0,0
82072.0,889,55,685,168,92,129,1,3,2,13,1,52,0,0
46231.0,189,2,55,0,5,12,4,6,1,4,9,69,3,0
42243.0,48,0,2,0,0,5,2,2,0,3,7,63,2,0
51195.0,230,14,156,82,24,58,8,9,2,5,8,60,2,0
68092.0,852,60,207,78,36,48,2,2,6,10,5,44,0,0
31814.0,35,3,20,4,1,20,2,2,0,3,9,49,1,1
51390.0,205,20,47,23,2,56,6,5,2,5,5,57,2,0
76630.0,255,31,446,40,56,175,1,3,10,11,1,39,0,0
26868.0,0,0,1,8,3,2,1,1,0,2,7,31,1,0
48948.0,437,8,206,160,49,42,2,7,10,5,6,79,0,1
55260.0,825,8,53,11,0,242,2,8,10,5,6,50,1,0
64090.0,316,58,161,76,51,135,1,6,9,4,5,66,1,0
78331.0,756,138,354,160,169,61,2,10,6,7,4,64,1,0
37087.0,194,55,134,15,0,3,3,4,2,8,6,48,1,0
21846.0,7,17,18,6,10,26,4,4,0,3,8,36,1,0
81320.0,183,33,493,59,103,57,1,4,3,10,2,64,0,0
54137.0,171,0,11,0,1,20,2,4,1,4,6,52,1,0
66825.0,243,101,405,29,40,40,1,4,5,6,2,55,0,0
57100.0,181,21,69,39,3,96,1,3,3,6,3,49,0,0
58917.0,151,7,89,0,7,28,5,4,1,6,5,53,3,0
85072.0,494,92,391,194,11,241,1,3,4,10,0,45,0,0
86429.0,464,28,873,29,18,37,0,7,4,7,2,61,0,1
45684.0,5,1,5,10,0,7,1,1,0,2,7,51,1,0
47889.0,29,0,29,0,5,4,1,2,0,3,5,48,1,0
45921.0,102,9,49,24,3,12,1,2,1,6,4,36,0,0
78420.0,604,28,674,91,28,28,1,3,10,8,1,56,0,0
75114.0,571,12,523,63,60,24,1,3,10,5,2,30,0,0
52278.0,953,0,71,0,0,174,6,10,5,10,8,59,1,0
35641.0,63,3,67,8,9,28,2,3,1,4,7,50,1,0
95529.0,770,29,890,250,27,24,1,7,3,7,3,28,0,0
62820.0,398,61,265,138,61,53,1,3,4,6,1,68,0,0
73113.0,741,19,154,50,9,28,1,3,4,7,2,62,0,0
84169.0,1478,19,403,0,19,0,1,7,6,6,3,40,0,0
42607.0,156,29,56,30,32,47,2,3,2,7,3,68,1,0
74637.0,960,64,464,146,0,16,1,6,9,9,3,68,0,1
46015.0,38,0,2,0,0,6,1,1,0,3,7,67,2,2
72354.0,315,26,473,220,12,182,1,2,10,6,1,29,0,0
39858.0,15,20,25,2,7,26,1,2,0,4,6,53,1,0
34469.0,19,6,20,0,5,12,3,1,1,4,4,74,2,0
83033.0,812,99,431,237,149,33,1,11,4,10,5,36,1,1
24401.0,73,28,217,10,24,115,3,6,1,6,8,43,0,0
77583.0,372,23,384,250,12,108,1,4,5,9,2,44,0,1
74116.0,871,111,704,145,55,166,1,4,4,10,2,40,0,0
74293.0,375,152,335,93,91,81,1,5,4,6,2,29,0,0
68397.0,760,80,466,17,13,80,1,6,9,5,3,46,1,0
79632.0,471,0,510,99,21,12,1,6,4,9,2,48,0,0
46107.0,31,9,27,16,9,33,1,1,1,4,3,33,1,0
64950.0,819,0,72,12,0,63,2,11,2,10,7,71,1,0
25443.0,1,4,3,8,9,7,1,1,0,3,8,33,1,0
75127.0,203,35,305,46,17,227,1,2,11,5,1,70,0,0
32892.0,26,0,15,2,1,2,2,3,0,3,8,51,1,0
71796.0,354,21,311,167,75,32,1,9,3,4,4,51,0,0
67536.0,1253,0,447,23,71,35,3,11,5,11,8,52,1,1
55239.0,371,17,238,23,24,106,3,7,5,11,5,51,1,0
60554.0,588,7,76,110,15,15,2,8,4,9,6,47,1,0
64831.0,480,86,249,75,86,144,8,6,3,5,6,70,2,0
56067.0,517,12,54,16,6,120,2,7,4,7,5,60,1,0
82025.0,267,98,606,48,70,98,1,3,2,6,1,39,0,0
94384.0,1111,24,790,160,45,172,0,5,8,5,2,69,0,1
51563.0,1166,0,48,0,0,36,1,4,4,10,8,35,0,0
57937.0,261,42,144,55,48,133,3,4,4,9,3,40,1,0
68274.0,135,25,51,23,25,46,2,4,2,5,3,43,2,0
39771.0,6,2,18,2,8,14,1,2,0,3,4,45,1,0
67893.0,711,28,142,49,18,47,2,3,2,9,8,47,1,0
27922.0,11,0,13,2,4,11,1,2,0,3,4,43,1,0
52190.0,42,0,17,0,0,18,3,2,1,3,5,46,2,1
44051.0,79,7,58,6,3,18,4,3,1,4,6,49,2,0
42767.0,20,6,43,19,5,38,1,3,1,2,8,51,2,0
46106.0,30,0,8,2,0,14,1,1,1,2,6,46,2,0
59754.0,115,27,44,4,146,139,3,5,2,6,5,57,1,0
53700.0,263,5,233,69,41,83,4,5,5,8,5,70,1,0
59041.0,69,2,15,2,2,6,2,2,0,4,5,49,2,0
54237.0,267,3,30,4,0,57,4,5,2,5,6,65,1,0
70647.0,561,85,171,25,123,114,2,4,7,13,2,55,1,0
52597.0,492,0,37,7,0,42,3,6,3,8,5,60,1,0
41021.0,14,7,9,6,16,12,2,2,0,3,6,53,1,0
40233.0,80,4,46,0,17,2,5,2,1,5,6,47,1,0
50183.0,97,12,84,13,10,15,7,3,1,6,5,42,2,0
54753.0,197,107,227,7,59,131,3,5,2,11,4,63,1,0
92955.0,693,21,925,31,24,84,1,6,7,9,2,49,0,1
33471.0,43,2,27,0,9,12,3,3,0,4,7,49,1,0
34596.0,14,0,2,0,0,7,1,1,0,2,8,48,1,0
44010.0,186,36,234,86,72,48,6,10,2,6,9,42,1,0
84219.0,434,137,400,45,137,45,1,3,4,10,1,34,0,0
40706.0,59,0,11,4,2,5,4,3,0,4,7,54,3,0
59052.0,230,35,75,63,57,31,3,7,1,7,5,63,1,0
80573.0,829,138,430,60,92,15,1,4,6,13,2,51,0,0
83715.0,318,8,407,150,35,8,1,2,8,13,0,60,0,0
82576.0,1206,55,445,168,18,18,1,2,4,12,1,63,0,0
56962.0,292,3,77,10,3,26,7,6,3,5,7,57,3,0
35704.0,30,9,12,2,11,30,3,2,0,4,4,70,2,0
53103.0,729,17,133,11,0,195,5,10,6,7,7,68,1,1
46779.0,12,1,3,0,0,7,1,0,1,2,4,62,2,0
33462.0,22,3,18,0,0,11,1,2,0,3,7,43,1,0
63693.0,587,43,337,42,87,54,3,11,6,9,6,44,1,0
80763.0,674,168,108,192,42,231,1,5,11,6,3,72,0,1
65352.0,284,3,84,4,7,23,2,4,2,8,4,48,1,0
82170.0,1023,93,651,49,55,37,1,5,6,7,2,44,0,0
75759.0,1394,22,708,89,91,182,1,9,7,9,5,53,0,2
79689.0,311,26,640,180,37,121,1,4,9,13,2,46,0,0
35340.0,27,0,12,0,1,5,2,2,0,3,5,66,2,0
85683.0,1296,17,311,45,69,51,1,2,4,10,1,68,0,2
24884.0,3,6,7,0,0,3,1,0,0,3,7,50,1,0
42021.0,393,5,136,7,5,27,5,10,1,6,9,41,1,1
64449.0,218,63,282,137,35,70,4,5,3,12,4,33,1,0
64587.0,66,0,16,0,6,20,2,1,1,4,3,68,2,0
34824.0,4,2,11,2,0,4,1,1,0,2,6,27,0,0
75437.0,795,0,545,95,58,0,1,8,4,10,6,44,0,1
26091.0,15,10,19,8,17,20,3,2,1,3,5,65,2,0
52845.0,384,25,292,130,41,64,3,8,8,6,6,49,1,1
46086.0,244,8,32,7,2,50,4,3,1,8,4,66,1,0
78028.0,158,19,288,25,0,38,1,6,4,9,7,66,1,0
95169.0,1285,21,449,106,20,20,1,4,3,4,1,35,0,1
56337.0,349,16,144,28,5,182,5,8,5,4,8,41,2,2
22434.0,4,12,11,3,13,15,2,2,0,3,8,35,1,0
36930.0,223,2,31,0,2,39,5,5,2,4,8,68,1,0
36130.0,157,43,127,68,56,37,6,3,8,4,4,68,1,1
65569.0,397,46,288,20,38,70,2,6,5,10,3,69,1,0
83844.0,901,31,345,75,31,191,1,4,4,11,1,70,0,0
36736.0,10,0,3,0,0,4,1,1,0,2,6,59,2,0
77568.0,1230,0,396,232,178,158,1,10,2,8,5,43,1,1
49187.0,81,1,31,2,1,0,1,1,1,5,2,46,1,0
30168.0,154,20,66,0,12,27,7,6,1,4,9,44,1,0
34053.0,63,0,21,7,0,12,1,3,0,3,8,54,1,0
38196.0,30,0,11,0,0,3,3,2,0,4,5,51,2,0
59412.0,90,67,165,30,43,11,1,4,2,8,3,71,0,0
70924.0,635,114,254,132,152,76,1,6,6,7,3,57,0,0
54165.0,127,4,73,15,6,11,1,2,1,7,2,53,0,0
32300.0,13,3,6,6,5,6,1,1,0,3,8,49,1,0
20180.0,18,42,24,15,20,18,1,2,1,4,7,46,0,0
34961.0,45,2,26,4,1,1,3,3,1,3,7,49,1,0
28440.0,38,1,24,0,0,0,1,2,0,3,8,48,1,0
64504.0,986,36,168,16,0,108,7,11,3,4,7,69,3,0
33564.0,61,0,3,0,0,7,1,1,1,3,5,56,1,0
56320.0,201,53,172,116,77,83,3,5,4,9,4,55,1,0
28647.0,19,8,29,0,12,26,1,2,2,2,7,44,1,1
32173.0,18,0,2,0,0,2,1,1,0,3,4,64,1,0
68316.0,806,80,161,120,11,33,5,10,7,10,6,58,1,0
74538.0,380,98,733,110,112,28,1,8,8,5,3,51,0,0
91700.0,576,172,961,125,115,19,1,8,6,5,3,51,0,0
68695.0,458,81,356,106,50,40,1,4,4,7,2,53,0,0
31056.0,5,10,13,3,8,16,1,1,0,3,8,45,1,0
79593.0,350,60,568,110,133,145,1,5,6,7,2,49,0,0
28071.0,39,33,130,41,26,44,2,5,1,5,8,42,0,0
37334.0,26,1,16,2,2,15,4,3,0,4,4,64,2,0
46423.0,68,0,16,0,0,8,3,2,0,4,7,50,2,0
37126.0,45,3,9,4,4,7,1,1,2,2,6,51,1,1
47703.0,359,0,134,13,26,123,4,6,3,8,5,69,1,0
61180.0,403,24,29,6,24,218,2,5,5,6,3,63,1,1
38998.0,34,1,14,0,0,5,3,2,0,3,8,68,2,0
76081.0,292,30,415,63,33,200,1,4,5,4,2,60,0,1
34728.0,14,0,16,0,0,6,1,1,1,2,6,36,1,0
33168.0,80,1,37,0,1,3,3,2,1,4,7,57,1,0
33585.0,30,11,33,13,6,29,1,2,0,4,4,56,1,0
77037.0,463,96,333,168,53,10,1,7,7,12,3,62,1,0
35196.0,75,12,141,43,39,187,6,6,1,5,8,38,1,0
44529.0,538,13,91,17,6,26,6,6,2,11,5,56,1,0
70924.0,635,114,254,132,152,76,1,6,6,7,3,57,0,0
28764.0,8,0,3,0,0,1,1,1,0,2,8,56,2,1
69098.0,1315,22,780,145,0,178,1,7,8,9,5,73,0,0
25959.0,4,2,12,7,5,26,2,1,2,2,6,52,2,0
27100.0,12,0,13,2,0,10,1,1,0,3,7,39,1,0
70596.0,347,44,534,17,0,26,1,3,5,12,2,37,0,0
42557.0,192,5,53,0,5,15,4,6,1,4,8,48,1,0
53312.0,241,0,12,0,0,25,1,5,1,5,7,71,0,0
72228.0,631,28,491,30,14,56,1,6,7,8,3,70,0,0
67605.0,336,28,282,184,54,54,1,2,8,6,1,35,0,0
62845.0,1099,0,45,0,0,34,11,3,4,10,8,73,2,0
65196.0,743,19,181,12,0,200,2,7,6,11,5,64,2,1
42000.0,124,83,267,85,59,35,2,5,2,11,5,35,0,0
35860.0,15,0,8,4,2,20,2,1,1,2,5,49,2,1
65526.0,397,19,69,12,0,9,1,4,4,8,2,58,1,0
83528.0,530,117,678,134,44,147,1,4,10,8,1,30,0,2
64176.0,1215,33,249,64,116,149,8,8,9,8,6,57,1,0
22304.0,3,2,7,0,4,2,1,1,0,2,8,66,0,0
67023.0,444,44,382,11,8,17,1,3,7,13,2,44,0,0
32892.0,26,0,15,2,1,2,2,3,0,3,8,51,1,0
70713.0,736,114,279,82,76,190,6,5,6,8,3,56,1,0
59925.0,473,21,176,19,21,56,3,9,2,9,6,67,1,0
39722.0,32,0,5,2,0,8,2,2,0,3,5,69,1,0
46610.0,288,10,30,4,10,125,1,6,1,6,6,64,0,0
88347.0,1050,178,555,77,138,118,1,4,7,9,1,61,0,1
87171.0,1001,44,107,58,44,44,1,6,7,11,2,41,0,1
26907.0,9,1,7,0,3,2,2,1,0,3,7,46,2,0
50014.0,234,14,77,19,10,42,2,4,1,8,5,54,1,0
41014.0,7,2,6,2,0,3,1,1,0,2,7,44,1,0
66294.0,251,108,334,65,92,117,1,4,3,5,2,57,0,0
36715.0,172,10,125,21,13,16,6,7,2,4,9,51,1,0
79456.0,565,42,548,64,83,99,1,5,6,4,3,66,0,0
40479.0,5,0,8,2,0,0,1,0,0,3,4,40,1,0
75345.0,918,57,842,99,38,133,1,5,8,6,3,52,0,1
54233.0,652,8,158,21,0,142,4,11,6,5,8,45,1,0
24163.0,4,1,7,2,1,2,2,1,0,3,4,52,2,0
84460.0,152,27,103,106,54,81,0,9,9,4,5,64,0,2
43776.0,8,0,9,2,1,3,1,1,0,2,6,39,1,0
71691.0,336,130,411,240,32,43,1,4,7,5,2,64,0,0
85844.0,938,19,843,25,95,38,1,6,6,7,2,49,0,0
39190.0,68,8,18,19,8,12,2,2,1,4,5,48,1,0
71367.0,227,23,389,42,21,75,1,4,5,7,2,63,0,0
38578.0,38,4,22,3,3,3,3,3,0,3,8,50,2,0
57236.0,105,0,9,2,1,4,3,2,1,4,3,57,2,0
61825.0,162,50,100,55,30,27,1,4,2,8,4,43,1,0
79803.0,574,8,216,21,16,33,1,4,3,5,1,64,1,0
80910.0,160,80,369,67,39,41,1,3,3,8,1,36,0,0
27590.0,6,0,5,0,0,1,1,1,0,2,7,40,1,0
56775.0,614,35,160,58,35,35,2,5,8,10,5,43,1,0
83829.0,897,161,430,186,161,27,0,4,7,6,1,47,0,2
54210.0,70,54,109,80,9,45,2,4,1,7,5,43,1,0
38508.0,120,19,206,25,19,54,6,7,2,5,8,36,1,0
53187.0,211,2,30,7,7,10,2,4,1,6,5,52,1,0
30023.0,11,0,16,7,6,21,1,2,0,3,8,50,1,0
76045.0,760,53,400,17,93,0,1,4,5,11,2,62,0,1
50870.0,53,0,8,0,0,2,1,2,0,3,5,70,1,0
65463.0,391,32,70,21,32,16,2,6,2,9,5,48,1,0
66480.0,199,9,57,20,21,6,7,4,1,7,4,57,2,0
76773.0,516,56,449,86,33,16,1,2,2,11,1,68,0,0
81698.0,709,45,115,30,160,45,1,8,2,5,5,39,0,1
54466.0,12,0,4,0,0,0,1,1,0,2,5,49,2,0
98777.0,1000,19,711,125,115,38,0,4,6,9,1,62,0,0
71819.0,1224,28,140,0,14,168,3,3,3,5,6,51,1,0
33569.0,16,2,18,3,0,24,1,1,1,2,8,39,1,1
36262.0,88,39,54,64,28,153,1,3,5,3,6,39,0,1
22634.0,2,23,11,8,6,46,1,2,1,2,8,56,0,0
47025.0,508,11,59,23,5,29,5,11,1,6,9,44,1,0
70566.0,381,28,215,84,28,21,2,6,5,9,3,54,1,0
31605.0,74,0,42,2,1,6,2,2,1,4,7,43,1,0
52034.0,146,0,93,7,13,73,5,4,2,5,7,49,2,0
48526.0,23,17,23,43,20,9,1,2,1,4,3,43,1,0
46734.0,110,5,137,26,23,29,2,6,1,5,7,68,1,0
39552.0,165,3,147,4,24,41,7,6,2,5,8,60,2,0
86358.0,957,47,494,82,47,95,4,5,3,6,8,56,2,0
46931.0,41,0,17,3,1,16,2,1,1,3,3,45,3,0
63998.0,176,29,818,0,33,112,1,7,6,11,4,70,0,0
67381.0,815,8,53,11,0,70,4,2,2,9,7,71,1,0
25930.0,6,1,2,2,0,4,1,1,0,2,7,55,2,0
42693.0,8,4,20,6,3,16,1,1,0,3,5,44,1,0
85606.0,717,42,864,219,30,84,2,6,7,9,3,46,1,1
72903.0,1067,138,750,0,19,39,1,7,5,8,4,37,0,1
49669.0,166,5,107,11,8,29,2,5,1,6,6,48,1,0
36778.0,29,4,34,2,4,4,3,3,0,3,9,54,2,0
85696.0,714,76,395,116,0,12,1,4,6,9,1,60,0,0
49678.0,229,5,56,3,2,20,2,6,2,4,7,61,1,0
56129.0,320,48,133,39,72,48,4,6,2,10,4,69,1,0
37155.0,23,0,26,7,15,3,1,2,0,4,5,33,1,0
21282.0,1,5,8,4,8,20,2,2,1,2,6,44,1,0
33419.0,56,0,12,0,0,18,2,2,0,4,7,60,1,0
63285.0,508,124,249,50,38,134,1,6,5,13,3,77,0,0
21255.0,29,0,25,2,2,3,4,2,1,4,4,48,1,0
42162.0,46,7,59,2,4,27,2,3,1,3,6,41,1,1
54450.0,454,0,171,8,19,32,12,9,2,8,8,66,2,0
57744.0,350,3,39,0,0,19,2,9,1,4,8,68,1,0
26576.0,10,0,8,0,0,9,1,1,0,2,9,36,1,1
57513.0,735,40,183,52,20,30,2,9,3,13,6,79,0,0
68142.0,897,126,196,91,112,37,3,10,4,7,6,58,1,0
83145.0,777,35,731,39,137,114,1,5,9,11,2,48,0,0
54197.0,162,6,37,6,13,13,2,1,3,6,1,62,1,0
23091.0,35,0,11,0,0,2,4,2,1,3,7,59,2,0
46049.0,342,9,112,19,14,19,10,5,2,9,7,46,2,0
56715.0,258,105,239,237,172,9,1,7,3,4,4,48,0,0
79410.0,658,80,483,123,13,13,1,3,2,5,1,61,0,0
57304.0,356,80,329,138,17,106,2,7,6,10,5,71,1,0
44375.0,213,5,28,7,7,41,1,4,1,6,5,57,1,0
54450.0,454,0,171,8,19,32,12,9,2,8,8,66,2,0
59594.0,457,4,29,0,0,9,1,8,1,7,7,57,1,0
80685.0,241,45,604,34,26,54,1,6,4,10,2,28,0,0
40344.0,210,0,6,0,0,2,2,4,1,5,7,48,1,0
62710.0,441,35,83,7,29,11,4,4,2,12,4,50,1,0
48985.0,19,13,18,10,7,8,1,1,1,3,3,54,1,0
35322.0,28,9,37,12,7,13,3,2,0,4,8,54,3,0
77142.0,476,75,162,29,151,97,1,4,4,8,2,74,0,0
81657.0,364,40,425,158,60,50,1,3,4,8,1,53,0,0
20130.0,0,6,3,7,6,12,1,1,0,3,8,48,0,0
74214.0,863,83,547,86,99,33,1,8,2,5,5,32,0,0
66726.0,349,7,35,0,0,47,3,8,2,4,7,65,2,0
23724.0,5,23,15,0,18,14,2,2,0,3,8,43,1,0
47353.0,184,2,19,8,8,4,3,2,2,6,5,62,1,0
33444.0,8,0,8,0,0,2,1,1,0,2,8,70,2,0
54386.0,277,21,64,62,21,25,2,3,2,10,3,41,1,0
28510.0,44,5,19,0,4,19,3,2,0,4,5,41,2,0
90638.0,1156,120,915,94,144,96,1,3,4,10,1,31,0,0
48070.0,373,14,83,6,9,19,3,8,2,6,7,72,1,0
43140.0,134,8,76,6,0,11,1,4,1,5,6,65,1,0
54959.0,1148,0,60,0,0,24,3,9,5,4,7,61,1,0
26954.0,4,1,11,0,0,1,1,1,0,2,7,51,1,0
22327.0,5,4,8,2,0,5,1,1,0,3,5,37,1,0
44393.0,24,2,20,2,2,10,2,1,0,4,4,57,2,0
62000.0,899,0,101,0,0,20,1,6,6,13,4,70,1,1
31497.0,108,1,28,13,1,4,2,3,1,4,8,60,1,0
45894.0,27,2,7,0,2,13,1,1,0,3,5,48,2,0
78579.0,816,66,549,216,66,99,1,5,6,4,3,52,0,0
67369.0,1298,0,70,37,14,42,4,7,4,10,4,53,1,0
58401.0,10,0,11,17,29,29,1,1,2,2,4,62,1,0
62307.0,87,13,34,10,6,10,1,4,0,4,5,70,1,0
43641.0,57,2,51,4,2,23,3,2,1,4,6,53,2,0
63841.0,635,15,100,20,7,131,1,9,3,9,6,54,1,0
46891.0,43,12,23,29,15,61,1,2,1,4,4,57,1,0
70091.0,964,34,137,15,0,11,2,5,2,10,8,53,1,0
78075.0,572,8,259,34,35,80,1,3,5,5,1,50,0,0
59184.0,341,142,113,259,151,66,3,6,6,12,5,61,1,0
54809.0,63,6,57,13,13,22,4,2,1,5,4,45,2,0
58113.0,221,104,169,102,78,84,3,9,2,8,7,63,1,0
51412.0,140,3,29,4,5,14,2,3,2,4,4,64,1,0
66636.0,291,10,689,84,10,0,1,3,4,9,1,65,0,0
50965.0,544,13,85,8,6,29,3,10,4,5,8,66,1,1
84618.0,684,100,801,21,66,0,1,6,9,10,2,57,0,0
40451.0,35,0,4,0,0,10,1,1,1,2,5,65,2,1
36317.0,87,3,25,3,2,13,2,3,0,4,7,57,1,0
42213.0,309,3,24,4,3,20,2,5,1,7,7,65,1,0
65748.0,172,73,93,95,78,34,2,2,4,10,1,67,1,0
77044.0,625,38,242,50,34,76,2,7,11,11,4,50,1,1
74918.0,972,59,913,25,19,59,1,5,9,6,3,53,0,0
56721.0,157,6,39,6,13,75,5,4,1,5,6,50,2,0
42160.0,48,9,45,3,15,20,4,2,1,4,6,47,2,0
61559.0,279,83,88,32,14,34,1,4,2,10,3,57,1,0
33629.0,132,0,16,0,0,4,5,3,1,4,9,59,2,0
68682.0,919,0,505,99,30,45,1,4,9,10,2,31,0,0
34377.0,62,0,22,3,1,26,2,2,2,2,7,59,1,0
26228.0,2,6,4,3,1,9,1,1,0,2,8,49,1,0
77297.0,408,61,109,48,122,41,1,5,7,9,4,65,0,1
40211.0,51,1,7,2,1,25,2,2,1,2,8,41,2,1
33438.0,62,1,16,3,2,6,4,2,1,4,5,64,2,0
75032.0,952,12,180,47,12,12,2,5,4,9,3,63,1,0
61284.0,618,15,106,20,7,45,1,11,2,8,6,67,0,0
22518.0,11,7,12,2,2,27,2,2,1,2,5,36,1,1
54730.0,318,3,17,4,7,56,5,4,1,8,4,47,1,0
38452.0,56,0,14,0,0,2,3,3,0,3,7,67,2,0
44421.0,110,5,59,7,1,7,5,5,0,4,8,51,2,0
38197.0,23,0,11,2,1,3,1,1,0,3,5,36,1,0
41986.0,27,5,8,8,3,12,3,3,0,4,4,44,1,0
28427.0,18,3,19,3,3,6,2,2,0,3,8,39,1,0
37395.0,18,0,9,0,1,11,1,1,0,3,6,46,1,0
64722.0,303,0,280,60,147,15,4,8,2,11,6,51,1,0
55249.0,97,1,19,2,0,11,1,2,1,4,3,66,1,0
84906.0,997,15,414,99,30,76,1,5,6,12,2,50,0,1
28691.0,5,4,13,8,0,4,1,1,0,3,8,33,1,0
44213.0,95,11,35,0,4,7,4,2,1,5,6,70,2,0
25707.0,1,6,2,3,6,3,1,1,0,3,7,38,1,0
59062.0,46,1,12,3,0,9,2,2,0,3,4,55,3,0
76624.0,411,106,147,54,115,66,1,5,10,7,1,60,1,1
66000.0,244,51,270,101,0,45,1,1,3,5,1,75,0,0
27683.0,152,9,121,12,12,45,4,6,2,4,8,44,1,0
40521.0,12,0,5,0,0,4,1,0,1,2,5,54,2,0
20427.0,5,0,4,0,0,1,1,1,0,2,8,49,1,0
65106.0,790,19,133,12,0,19,3,8,3,13,6,47,1,0
69969.0,882,29,514,38,29,44,1,4,2,6,3,57,0,1
67433.0,615,28,259,12,48,30,4,6,5,13,4,70,2,0
77766.0,1004,59,265,115,59,27,2,11,10,11,6,55,1,1
74716.0,133,27,421,13,195,71,2,7,3,5,4,50,1,0
68118.0,595,23,123,10,23,154,2,8,9,4,6,59,1,0
55158.0,293,0,87,4,11,23,4,7,2,5,7,52,2,0
62972.0,313,15,47,20,0,192,2,7,4,3,6,67,1,0
74190.0,151,81,86,168,91,64,2,4,2,11,2,47,1,0
39356.0,15,0,2,0,0,6,1,1,0,2,6,46,2,1
76653.0,736,63,946,219,189,126,1,4,7,11,2,53,0,1
35860.0,15,0,8,4,2,20,2,1,1,2,5,49,2,1
90687.0,982,17,672,23,34,51,1,6,2,8,2,39,0,0
73450.0,1142,51,415,90,69,37,1,7,8,11,3,40,0,2
31454.0,28,0,11,0,0,9,3,2,0,3,8,62,2,0
47139.0,46,0,12,0,2,23,2,2,1,2,7,70,2,0
83829.0,897,161,430,186,161,27,0,4,7,6,1,47,0,2
53378.0,489,6,152,8,6,132,10,9,4,6,8,59,2,0
45579.0,145,1,33,2,1,1,1,4,1,4,6,74,1,0
85485.0,630,26,611,44,18,54,1,6,6,6,2,64,0,0
55956.0,760,38,104,50,9,38,2,7,3,4,4,78,0,0
64191.0,420,15,186,151,38,15,3,5,3,13,3,59,1,0
38808.0,125,17,52,3,19,30,4,5,1,4,8,50,1,1
57183.0,464,5,64,7,0,70,8,9,1,7,8,56,2,0
23748.0,6,6,29,12,15,8,3,2,1,3,8,54,1,0
66303.0,1090,12,96,16,12,60,4,3,4,11,8,51,1,0
37368.0,3,2,11,2,2,10,1,1,0,2,6,47,1,1
40800.0,24,0,27,8,30,10,2,3,0,3,7,58,3,0
71847.0,737,21,106,55,63,210,0,6,7,9,3,44,0,1
46149.0,254,6,71,4,0,27,5,5,1,7,5,47,1,0
78687.0,817,185,687,145,55,241,1,4,6,8,2,39,0,0
49118.0,620,54,239,99,98,119,2,9,7,10,7,51,0,1
37633.0,13,4,20,0,0,1,2,1,0,3,9,65,2,0
39767.0,113,61,204,34,26,47,2,7,1,7,8,71,0,0
26997.0,7,23,78,133,49,144,2,4,2,5,7,71,0,0
33986.0,16,2,18,2,1,5,1,1,0,3,7,52,1,0
57091.0,462,0,24,6,0,4,2,9,2,5,7,50,1,0
46831.0,22,2,10,6,4,34,2,1,2,2,4,53,2,0
83151.0,968,147,842,137,42,210,1,5,7,10,2,50,0,2
52531.0,283,112,151,51,72,125,2,7,2,10,6,51,0,0
22804.0,14,1,7,2,1,1,1,2,0,2,9,51,1,0
43050.0,30,5,24,6,3,8,2,2,0,4,5,49,1,0
42997.0,4,0,5,0,1,5,1,1,0,2,7,45,2,0
48918.0,52,0,9,0,0,1,2,1,0,4,4,59,2,0
60033.0,62,1,57,19,11,48,2,2,1,5,2,68,1,0
34043.0,20,2,14,3,0,10,1,2,0,2,9,44,1,0
57811.0,545,7,114,37,21,78,5,7,2,11,5,56,1,0
78569.0,558,79,622,207,175,95,1,4,6,4,1,76,0,0
94384.0,1111,24,790,160,45,172,0,5,8,5,2,69,0,1
23148.0,4,6,8,6,3,10,1,2,0,3,7,37,0,0
44267.0,183,5,65,3,5,49,5,5,2,4,9,52,2,0
71626.0,546,72,376,94,145,72,1,5,5,8,3,43,0,0
60894.0,606,7,155,10,0,54,5,10,3,8,7,56,1,0
50200.0,266,6,51,8,6,64,6,7,1,5,8,46,2,0
81051.0,1142,29,249,38,29,14,1,5,5,12,2,57,0,0
65169.0,1074,0,69,0,0,46,1,10,4,13,6,40,0,3
59868.0,771,51,154,54,10,154,7,11,2,12,6,50,1,0
65695.0,371,32,189,0,58,6,2,5,4,10,4,62,1,0
64857.0,556,14,717,210,0,43,1,7,5,10,4,66,0,0
45143.0,202,5,74,11,5,14,3,6,1,5,7,57,1,0
74805.0,209,162,209,41,162,37,5,4,7,10,2,67,1,0
59060.0,35,40,111,36,40,12,3,3,1,7,4,33,1,0
27238.0,37,0,17,0,0,3,3,3,0,3,9,60,2,0
47009.0,171,45,73,59,10,90,4,3,2,8,4,57,1,0
46094.0,12,2,20,3,2,5,1,1,0,3,7,49,2,0
40321.0,44,4,21,6,0,27,2,3,0,3,7,50,2,0
37235.0,20,2,9,4,6,20,1,1,1,2,4,38,1,0
81843.0,779,86,537,34,69,138,1,5,9,12,3,62,0,0
46692.0,170,6,97,24,12,88,3,6,1,5,6,64,1,0
77382.0,491,48,231,112,105,134,2,5,7,12,1,54,1,0
37774.0,173,8,107,7,2,176,4,7,2,3,9,45,2,1
72828.0,1205,0,235,19,14,205,6,6,3,13,7,60,1,0
24711.0,10,7,25,6,3,7,1,3,0,3,7,40,0,0
45503.0,97,4,44,6,1,18,1,3,1,4,5,47,1,0
71604.0,345,53,528,98,75,97,1,8,3,5,4,77,0,1
27244.0,6,5,17,3,24,46,2,2,2,2,7,43,1,0
48752.0,73,57,100,71,15,0,5,6,1,5,9,53,2,0
71434.0,711,36,217,172,96,168,3,7,4,7,4,60,1,1
90842.0,774,70,118,182,187,93,1,4,9,13,1,74,0,0
88097.0,163,0,480,0,126,75,1,6,5,8,9,44,1,1
51948.0,82,33,54,71,30,41,2,5,2,4,5,47,1,0
71853.0,358,108,413,141,97,32,1,2,8,6,1,40,0,0
35876.0,66,2,40,4,3,14,1,3,1,3,6,39,0,0
40049.0,13,6,7,0,3,3,1,1,0,3,6,70,1,0
39660.0,139,13,78,20,13,36,3,7,1,3,9,40,1,0
50127.0,274,0,21,4,6,15,1,5,1,6,6,60,1,0
43263.0,262,6,61,0,10,102,3,5,2,6,5,45,1,0
62845.0,1099,0,45,0,0,34,11,3,4,10,8,73,2,0
24367.0,2,4,2,0,11,5,1,1,0,2,9,40,1,0
33249.0,6,10,21,19,14,42,2,2,1,3,6,47,1,0
26887.0,6,7,4,3,4,6,1,1,0,3,6,63,1,0
50150.0,135,46,92,65,61,11,2,5,2,7,5,39,0,0
62061.0,641,7,84,0,30,38,3,10,4,7,6,46,1,0
85696.0,714,76,395,116,0,12,1,4,6,9,1,60,0,0
76542.0,794,73,573,0,29,14,1,4,8,10,2,66,0,0
70515.0,420,0,452,182,64,140,1,6,6,4,2,29,0,0
69139.0,86,12,75,33,15,6,1,4,1,5,4,57,1,0
69109.0,823,25,459,124,29,95,1,6,6,7,4,40,0,0
69627.0,231,161,215,171,30,53,2,8,2,11,5,60,1,0
38136.0,8,15,27,0,20,33,2,3,1,2,8,44,1,1
62159.0,182,17,259,77,70,29,1,6,2,10,4,76,0,0
80695.0,557,129,984,193,37,18,1,5,8,5,2,59,0,0
33316.0,79,1,31,4,4,12,3,2,1,4,6,51,2,0
58554.0,368,24,68,38,0,88,6,8,2,6,7,54,2,0
53034.0,160,15,196,15,11,50,8,6,1,7,8,48,2,0
52203.0,488,21,238,56,108,28,1,8,7,11,6,72,0,0
59601.0,691,7,69,0,7,23,4,2,2,7,8,45,1,0
75154.0,543,10,205,160,143,82,1,6,3,6,3,64,1,0
47025.0,254,7,108,20,0,26,3,6,3,5,6,46,1,0
37971.0,5,4,10,2,2,7,1,1,0,3,8,49,1,0
41335.0,112,19,21,16,14,5,3,4,1,4,7,54,1,0
67267.0,134,11,59,15,2,30,1,3,2,5,2,64,1,0
57338.0,143,6,52,11,8,17,2,4,1,5,5,47,1,0
50523.0,51,4,24,4,7,1,2,2,0,4,6,62,2,0
35791.0,27,0,5,0,0,3,2,1,0,3,8,57,3,0
50611.0,459,0,24,6,0,4,6,4,5,7,6,62,1,0
56242.0,689,8,167,11,8,88,5,8,4,11,6,53,1,0
48904.0,283,10,38,0,13,27,4,7,2,4,8,62,1,0
56243.0,347,0,35,4,3,7,6,4,2,8,5,47,3,0
21355.0,5,13,14,0,5,31,2,2,1,2,6,37,1,1
57420.0,280,0,18,0,0,24,3,5,1,6,7,51,1,0
46390.0,95,14,64,2,9,38,1,4,2,3,7,67,1,0
54342.0,84,10,34,11,10,28,4,3,1,4,6,66,2,0
20895.0,18,3,17,3,0,4,1,2,0,3,9,49,1,0
92344.0,992,24,694,51,19,119,0,5,10,5,1,74,0,1
26907.0,9,1,7,0,3,2,2,1,0,3,7,46,2,0
44964.0,19,1,17,2,0,2,1,1,0,3,8,42,2,0
75507.0,709,93,374,104,80,80,1,8,6,6,3,43,0,0
53761.0,158,0,76,13,7,71,6,4,4,3,5,50,2,0
22682.0,10,14,29,4,2,36,3,2,1,4,4,49,1,0
38887.0,25,1,13,0,0,3,1,1,0,3,7,50,1,0
41658.0,8,4,12,15,4,29,2,1,1,2,4,47,2,0
29791.0,14,0,6,0,0,0,2,2,0,3,5,50,1,0
63915.0,622,7,115,30,0,15,2,6,3,12,5,66,2,0
39996.0,11,0,3,0,0,1,1,1,0,2,6,48,2,0
26759.0,25,3,16,8,5,2,2,2,1,3,6,50,1,0
63841.0,635,15,100,20,7,131,1,9,3,9,6,54,1,0
51039.0,100,64,79,65,0,109,2,6,2,4,7,53,2,0
60544.0,201,2,43,3,5,35,4,5,1,5,6,61,2,0
65685.0,642,14,49,0,7,57,1,9,2,9,5,50,1,0
37716.0,97,1,41,6,2,41,2,4,1,3,7,69,1,0
36864.0,204,5,39,17,0,89,3,5,2,4,8,65,1,0
44511.0,513,7,133,46,14,14,6,8,4,8,8,52,1,0
36947.0,88,3,21,4,1,29,4,3,0,4,9,55,2,0
47352.0,172,12,112,8,0,15,4,6,1,5,7,71,1,0
67087.0,329,35,222,130,35,43,2,7,5,8,4,69,1,0
57045.0,296,13,104,11,13,17,3,4,2,9,3,72,1,0
36957.0,100,2,16,2,1,31,4,3,2,2,9,69,2,0
69389.0,422,7,238,69,46,15,1,7,2,12,4,45,1,0
80134.0,1218,16,272,104,0,80,2,5,3,6,6,50,1,1
43142.0,5,1,7,2,1,4,1,1,0,2,7,53,2,0
80589.0,507,93,520,242,40,26,1,5,10,5,1,78,0,1
34412.0,52,12,50,4,36,55,3,5,0,3,9,32,1,0
57537.0,191,56,139,51,8,100,4,4,3,8,4,43,1,0
22634.0,2,23,11,8,6,46,1,2,1,2,8,56,0,0
51315.0,68,28,39,16,30,41,1,2,2,5,2,74,0,0
36026.0,20,4,10,6,4,17,2,2,0,3,6,50,3,0
24639.0,20,3,16,0,4,1,3,2,0,4,6,49,2,0
34578.0,7,0,1,0,0,0,1,1,0,2,6,50,3,0
65704.0,279,172,74,38,8,246,1,2,10,10,1,50,0,0
63810.0,977,12,253,16,12,101,4,4,3,12,8,56,1,0
54132.0,30,1,8,0,0,3,1,1,0,3,7,53,1,0
28164.0,3,18,26,11,8,12,3,2,0,4,7,52,1,0
34596.0,14,0,2,0,0,7,1,1,0,2,8,48,1,0
43269.0,10,1,7,0,0,1,1,1,0,2,8,50,1,0
38741.0,7,10,17,8,6,13,2,2,0,3,7,64,2,0
31907.0,33,87,64,175,16,74,1,6,1,6,7,50,0,0
27100.0,12,0,13,2,0,10,1,1,0,3,7,39,1,0
31163.0,2,3,10,11,2,10,1,1,0,3,6,49,1,0
92533.0,693,21,118,110,147,42,1,6,5,11,2,37,0,1
34853.0,9,3,15,2,3,2,2,2,0,3,6,49,2,0
70844.0,129,26,67,3,67,2,5,6,1,5,7,55,2,0
31086.0,16,2,11,3,0,16,2,1,1,2,8,43,2,1
60544.0,201,2,43,3,5,35,4,5,1,5,6,61,2,0
20491.0,5,4,5,4,2,10,1,0,1,2,7,36,0,0
42523.0,14,36,11,3,26,35,1,1,1,4,2,58,0,0
39922.0,29,12,59,19,1,36,2,3,0,4,8,39,1,0
33402.0,26,2,19,10,5,8,3,2,1,3,8,70,2,0
36408.0,9,1,4,3,2,3,1,1,0,2,6,73,2,0
21645.0,14,0,23,4,5,19,3,3,0,3,9,43,1,0
78427.0,972,19,595,180,26,138,3,3,7,10,3,74,0,1
82657.0,966,168,672,246,105,126,1,7,5,10,4,76,0,1
51876.0,99,27,102,28,48,6,1,2,2,8,1,64,0,0
78041.0,482,35,553,72,160,17,1,4,4,9,2,51,0,0
52852.0,714,8,99,11,0,47,4,10,7,5,8,65,1,1
70038.0,587,54,348,71,54,130,1,4,4,8,2,40,0,0
69401.0,399,27,159,58,8,39,4,4,4,5,2,49,1,0
46053.0,56,10,92,19,7,25,3,3,2,4,5,50,1,0
77343.0,227,151,573,98,54,31,1,3,4,9,1,57,0,0
73892.0,703,102,601,0,58,43,1,3,11,8,1,69,0,0
40304.0,37,0,17,0,0,3,1,2,0,3,7,55,1,0
32727.0,167,13,180,86,13,70,2,7,3,5,8,57,0,0
68695.0,458,81,356,106,50,40,1,4,4,7,2,53,0,0
43300.0,91,3,52,2,1,31,3,4,0,4,8,51,1,0
26290.0,15,8,16,11,5,22,4,2,0,4,6,50,2,0
93790.0,1302,68,731,89,114,45,0,6,7,12,2,52,0,1
38410.0,153,64,123,116,64,14,2,5,2,9,6,48,0,0
64866.0,508,5,21,7,5,10,4,7,3,7,5,72,1,0
57957.0,290,59,177,77,5,29,7,4,6,8,3,63,1,0
46015.0,38,0,2,0,0,6,1,1,0,3,7,67,2,2
28072.0,30,0,10,2,0,5,1,1,0,3,7,36,1,0
49476.0,386,23,95,54,41,196,4,2,11,5,2,59,1,0
50725.0,443,10,75,0,10,48,4,8,1,8,8,69,1,0
83844.0,901,31,345,75,31,191,1,4,4,11,1,70,0,0
41145.0,9,0,3,0,0,1,1,0,0,3,3,72,2,0
67419.0,846,84,352,91,56,42,4,9,4,8,5,52,1,0
23162.0,8,3,9,19,4,22,3,1,1,3,6,52,2,0
34380.0,72,7,58,13,1,24,4,4,1,3,8,45,1,0
34704.0,29,0,5,0,1,5,1,1,0,3,5,56,1,0
94871.0,169,24,553,188,0,144,1,8,5,4,7,53,2,0
65148.0,460,35,422,33,12,153,2,6,6,7,4,64,1,0
39898.0,69,8,26,12,7,12,2,3,0,4,7,68,1,0
64857.0,556,14,717,210,0,43,1,7,5,10,4,66,0,0
59892.0,73,0,13,0,1,0,1,2,1,3,3,52,1,0
41020.0,112,1,54,7,7,36,1,3,2,4,3,35,0,0
57072.0,944,0,60,0,0,30,2,7,5,13,5,61,1,1
60474.0,265,199,303,234,9,170,7,10,2,12,7,43,1,0
62807.0,526,28,135,10,21,99,3,5,3,12,5,62,1,0
75484.0,378,97,259,197,194,34,2,7,3,6,4,46,1,0
70379.0,553,25,142,65,67,8,3,6,3,13,4,46,1,0
79419.0,751,127,687,20,15,31,1,4,6,4,2,52,0,0
64014.0,406,0,30,0,0,8,7,8,2,5,7,76,3,1
76998.0,1449,89,161,69,35,107,2,11,8,8,6,67,1,0
49854.0,123,17,171,39,0,30,5,6,2,5,6,50,1,0
60585.0,267,42,309,55,42,21,10,7,4,9,5,51,2,0
42873.0,209,0,40,3,2,15,4,6,1,4,8,72,2,0
87679.0,1259,172,815,97,148,33,1,7,11,10,4,34,0,2
57867.0,344,35,178,15,23,17,7,7,2,9,6,44,1,0
35765.0,22,3,30,0,5,15,2,2,0,4,6,32,1,0
65492.0,247,161,295,210,85,47,2,4,7,13,2,63,0,0
32952.0,38,0,12,3,1,1,1,2,0,3,7,45,1,0
53374.0,896,10,101,13,10,34,6,4,2,9,9,53,1,1
71706.0,931,56,253,91,98,14,4,9,5,7,5,63,1,0
68487.0,758,12,385,33,89,89,1,9,7,13,4,34,0,0
53253.0,216,9,57,20,9,125,7,4,3,5,5,47,2,0
31163.0,2,3,10,11,2,10,1,1,0,3,6,49,1,0
42014.0,244,15,108,4,15,50,6,7,1,6,8,45,1,0
54108.0,539,6,91,8,6,97,13,8,2,9,8,49,2,0
49667.0,1181,26,120,17,13,39,2,5,10,5,8,67,0,1
63206.0,750,8,125,11,8,26,1,4,3,6,2,48,0,0
57136.0,306,5,109,21,109,92,9,5,2,10,6,50,2,0
46772.0,350,104,189,197,151,57,6,11,8,5,8,47,1,1
78931.0,331,197,170,58,152,35,1,2,8,13,1,51,0,0
53977.0,620,16,165,0,24,82,5,5,5,12,5,64,1,0
84219.0,434,137,400,45,137,45,1,3,4,10,1,34,0,0
46098.0,57,0,27,0,0,36,4,3,2,2,8,47,2,0
73538.0,811,76,428,99,137,107,3,10,4,9,7,57,1,0
79529.0,423,42,706,73,197,197,1,4,8,9,2,36,0,0
20981.0,2,12,10,6,13,30,1,3,1,2,8,45,0,0
51766.0,60,51,87,6,20,51,2,4,2,4,5,42,1,0
55759.0,675,0,85,10,7,77,5,10,3,8,8,60,1,0
33039.0,30,8,12,8,8,12,1,2,0,4,5,44,1,0
37787.0,40,1,40,4,3,18,1,3,0,3,8,50,1,0
27242.0,3,17,26,20,1,39,2,2,0,3,9,52,1,0
87188.0,910,111,724,49,74,55,1,10,2,6,3,39,0,0
69930.0,252,98,827,219,70,196,1,4,5,12,3,51,0,0
37697.0,34,6,21,11,4,8,1,2,1,3,6,46,1,0
37401.0,19,3,19,3,1,3,2,2,0,3,7,49,1,0
58597.0,490,0,184,10,28,21,12,7,4,9,7,46,2,0
82032.0,332,194,377,149,125,57,0,4,6,7,1,74,0,0
28087.0,53,8,17,13,0,21,3,2,2,2,7,64,2,0
74004.0,784,48,560,42,176,48,1,4,6,4,3,35,0,1
57036.0,1171,43,219,19,14,47,4,6,3,13,9,47,1,1
53083.0,215,7,33,3,0,13,6,5,1,5,7,64,2,0
69283.0,674,62,134,0,26,8,4,7,3,13,5,47,1,0
46098.0,57,0,27,0,0,36,4,3,2,2,8,47,2,0
23331.0,5,36,7,0,10,45,2,3,0,3,8,34,1,0
23331.0,104,20,101,24,15,5,6,5,1,5,9,34,1,0
67786.0,431,82,441,80,20,102,1,3,6,6,1,63,0,0
71969.0,1000,0,76,0,0,10,3,3,4,9,8,51,1,0
59235.0,448,40,469,80,0,91,3,11,2,12,7,55,1,0
31928.0,33,4,24,4,2,5,2,3,0,4,7,33,1,0
74881.0,505,72,270,36,27,54,4,9,2,12,5,61,2,0
65819.0,267,38,701,149,165,63,1,5,4,10,3,44,0,0
51411.0,14,0,3,0,0,1,1,0,0,3,5,69,3,0
51983.0,631,0,115,10,7,30,3,9,2,10,7,58,1,0
42386.0,65,4,16,0,4,11,1,3,0,3,8,36,1,0
30390.0,10,12,12,25,1,20,1,2,0,3,6,35,0,0
30983.0,51,4,50,12,1,49,1,4,0,3,8,59,0,0
66033.0,293,35,179,46,59,65,2,8,3,7,7,65,1,0
37284.0,11,1,2,2,1,6,1,0,0,3,6,47,2,0
57530.0,50,1,27,6,7,1,1,1,1,4,1,71,1,0
76800.0,173,26,255,35,71,81,1,4,4,7,1,57,0,0
63943.0,423,184,368,13,97,21,1,6,4,6,5,66,1,0
76081.0,292,30,415,63,33,200,1,4,5,4,2,60,0,1
67445.0,757,80,217,29,80,11,5,9,6,12,6,48,1,0
37054.0,12,1,6,0,1,5,2,1,0,3,7,55,2,0
47175.0,167,2,44,6,2,19,7,4,2,4,8,60,2,1
31859.0,3,1,3,8,0,5,1,1,0,2,7,46,1,0
27215.0,30,5,22,8,9,28,4,2,1,4,6,61,3,0
70179.0,532,88,168,69,44,133,3,7,3,13,5,46,1,0
39922.0,29,12,59,19,1,36,2,3,0,4,8,39,1,0
49681.0,411,0,26,0,0,21,6,7,1,7,7,46,2,0
24645.0,5,3,4,4,1,0,1,1,0,2,8,34,1,0
79865.0,71,99,278,185,121,38,1,5,10,5,1,68,1,0
44322.0,46,0,40,3,0,3,2,3,0,3,8,37,1,0
47958.0,268,11,88,15,3,22,2,6,3,5,5,70,1,0
63972.0,928,63,254,0,12,12,4,5,4,10,4,58,1,0
75315.0,459,15,171,142,23,31,2,5,4,12,2,68,1,0
55517.0,483,0,108,0,6,36,5,11,1,6,9,72,2,0
75283.0,733,9,180,12,19,66,11,6,3,5,4,65,3,0
82800.0,1006,22,115,59,68,45,1,7,6,12,3,76,0,1
38998.0,34,1,14,0,0,5,3,2,0,3,8,68,2,0
90638.0,1156,120,915,94,144,96,1,3,4,10,1,31,0,0
27161.0,7,4,23,7,0,11,1,1,0,3,7,36,1,0
42014.0,244,15,108,4,15,50,6,7,1,6,8,45,1,0
38201.0,233,0,23,0,0,12,4,5,1,5,8,62,1,0
45203.0,35,3,67,10,8,24,1,3,1,3,6,40,2,0
81574.0,1252,0,465,46,35,0,1,4,5,8,1,75,0,0
34935.0,34,4,66,3,10,20,1,2,1,4,7,30,0,0
60482.0,255,43,134,37,14,24,1,7,2,7,7,46,1,0
34633.0,8,1,5,0,0,1,1,1,0,2,6,66,3,0
78093.0,368,32,639,13,43,10,1,4,7,5,1,75,0,0
82460.0,255,47,573,52,32,15,1,5,3,6,1,72,0,0
45903.0,33,8,10,2,10,3,2,2,1,3,4,56,1,0
81361.0,163,23,424,27,65,76,1,3,10,13,1,35,0,0
35860.0,15,0,8,4,2,20,2,1,1,2,5,49,2,1
40442.0,45,12,52,25,22,13,4,3,1,4,7,70,2,0
61482.0,48,58,68,16,66,43,1,3,2,6,2,57,0,0
34968.0,158,6,45,8,2,2,7,3,2,5,7,42,1,0
75794.0,754,160,625,63,32,48,1,7,5,12,3,35,0,1
31497.0,108,1,28,13,1,4,2,3,1,4,8,60,1,0
74268.0,199,66,315,97,174,41,1,4,3,5,2,67,0,0
45143.0,202,5,74,11,5,14,3,6,1,5,7,57,1,0
52569.0,85,0,3,0,0,7,1,2,0,4,3,55,1,0
48432.0,322,3,50,4,3,42,5,7,1,6,8,49,1,0
36108.0,141,8,129,3,11,47,3,7,1,4,9,38,1,1
76445.0,739,107,309,140,80,35,1,2,5,13,6,51,1,0
36663.0,18,0,6,3,3,5,1,1,1,3,2,47,1,0
53843.0,378,0,88,19,4,73,4,8,5,3,7,57,1,0
90226.0,1083,108,649,253,151,108,1,4,7,12,2,66,0,1
70638.0,1016,12,215,16,12,63,1,4,5,10,3,67,0,0
44512.0,23,1,6,0,0,2,2,1,0,3,4,62,2,0
27116.0,12,1,21,2,2,3,2,2,0,3,7,61,2,0
54072.0,35,0,4,0,0,0,1,2,0,2,8,59,2,0
71855.0,548,31,422,0,112,28,4,5,5,11,3,45,1,0
51250.0,342,32,230,34,32,40,5,10,5,4,9,32,1,1
60432.0,365,3,15,4,3,11,5,7,2,5,6,49,1,0
65526.0,397,19,69,12,0,9,1,4,4,8,2,58,1,0
68655.0,456,19,832,75,118,38,1,4,5,11,3,34,0,0
64509.0,836,185,575,24,25,77,1,6,3,9,4,32,0,1
33955.0,100,2,128,23,7,10,4,5,1,5,8,47,1,0
31353.0,10,0,10,3,1,7,2,1,1,2,8,45,2,0
55434.0,238,115,215,169,69,76,3,5,3,13,4,38,1,0
28359.0,6,0,5,2,1,2,1,1,0,2,7,39,1,0
57100.0,158,11,99,15,11,17,2,3,2,7,3,35,1,0
69139.0,86,12,75,33,15,6,1,4,1,5,4,57,1,0
52973.0,856,0,76,12,9,199,7,9,6,9,8,66,1,0
51717.0,98,1,17,0,1,5,1,3,0,4,7,57,1,0
66664.0,398,96,447,220,96,32,1,5,7,6,3,40,0,0
50664.0,313,8,104,6,4,126,9,8,1,6,9,63,2,0
54414.0,109,18,16,24,26,18,4,3,1,5,4,59,2,0
54549.0,216,2,6,0,0,9,2,5,1,4,7,70,1,0
47111.0,595,71,153,120,112,41,6,3,2,10,9,51,1,0
41003.0,123,133,142,71,44,88,1,6,2,8,6,59,0,0
36301.0,11,12,35,3,5,12,1,3,0,3,7,46,1,0
73059.0,410,112,420,0,82,71,1,9,3,13,4,75,1,0
42731.0,159,2,51,6,2,24,3,4,1,5,5,53,1,0
52854.0,105,0,10,0,1,0,2,2,1,4,5,63,2,0
22775.0,5,1,8,0,0,1,1,1,0,2,8,44,1,0
46681.0,269,15,69,15,19,38,2,4,6,4,5,74,2,0
59821.0,629,0,70,0,0,35,6,11,2,7,8,67,1,0
50002.0,443,5,71,21,16,82,2,8,2,7,7,68,1,0
69755.0,217,77,373,111,23,93,1,3,6,12,1,77,0,0
44078.0,24,1,10,2,0,4,2,2,0,3,5,53,2,0
30560.0,9,1,5,4,5,7,1,1,0,3,7,46,1,0
35924.0,8,0,14,2,3,7,1,1,0,3,5,53,2,0
64140.0,1459,0,61,0,15,215,5,2,5,6,5,58,2,2
56386.0,230,48,214,13,32,75,8,9,1,7,9,41,2,0
24594.0,1,3,6,10,0,9,1,1,0,3,5,43,1,0
75774.0,340,21,134,258,14,56,1,7,5,8,4,41,1,0
39228.0,7,1,6,0,3,3,1,0,0,3,4,62,0,0
58494.0,298,7,68,4,0,19,2,6,2,6,6,48,1,0
58684.0,479,35,179,28,7,85,1,5,3,12,2,41,0,0
57136.0,267,140,599,34,12,127,1,7,5,7,6,55,0,0
56551.0,67,4,32,17,2,16,3,2,1,4,4,72,2,0
22448.0,3,1,8,23,2,18,3,2,1,3,3,40,1,0
82014.0,980,37,265,35,163,31,1,3,6,12,6,61,0,0
34213.0,50,4,28,6,3,26,3,3,1,2,9,59,2,0
25358.0,19,0,5,0,0,8,2,1,0,3,6,75,1,0
35544.0,30,5,23,4,1,4,1,2,0,3,7,44,1,0
36634.0,213,9,76,4,3,30,3,5,2,5,7,68,1,0
62670.0,539,30,92,80,46,38,1,5,3,13,3,68,1,0
50334.0,284,16,160,84,16,134,6,7,4,6,6,50,1,0
72066.0,1003,34,536,134,51,34,1,4,6,6,2,41,0,1
50729.0,239,13,143,45,4,52,9,6,2,7,6,64,2,0
34916.0,51,23,82,33,0,42,4,5,1,3,9,54,2,0
64892.0,527,24,230,32,24,65,2,6,4,12,4,46,1,0
43602.0,19,5,12,10,3,19,3,3,1,2,6,56,2,0
33996.0,40,2,15,8,0,6,1,1,1,3,4,33,0,0
41473.0,21,8,20,15,3,9,1,2,0,3,7,37,1,0
63246.0,593,30,91,29,22,7,1,6,3,12,4,55,2,0
36732.0,21,5,3,10,1,7,3,1,1,4,2,63,2,0
69084.0,1181,107,199,39,30,30,2,7,3,13,8,52,1,0
77766.0,1004,59,265,115,59,27,2,11,10,11,6,55,1,1
37929.0,202,2,46,3,2,10,2,4,2,5,7,37,0,1
86610.0,446,107,768,33,196,53,1,5,6,6,2,71,0,0
80141.0,1184,102,673,52,40,40,1,7,4,10,6,36,0,0
72635.0,390,22,323,104,35,107,1,6,8,6,3,67,0,1
69016.0,726,53,363,123,107,161,4,8,9,13,5,52,1,0
20193.0,8,8,22,24,11,9,1,1,1,4,4,31,0,0
27573.0,50,15,110,39,15,15,4,5,1,4,8,47,1,0
49544.0,308,0,73,0,0,23,2,5,1,8,7,46,1,0
33228.0,22,2,31,7,4,5,1,2,0,3,7,42,1,0
70440.0,690,117,499,76,102,88,1,5,10,7,3,44,0,1
38232.0,43,5,28,7,6,33,4,3,1,3,5,51,2,0
22554.0,27,0,10,0,0,4,4,2,0,4,5,67,2,0
23536.0,6,0,3,0,0,1,1,0,0,3,3,39,1,0
49413.0,205,7,41,3,2,46,2,4,2,5,5,70,1,0
42231.0,24,0,8,0,1,4,1,1,0,3,5,53,2,0
78789.0,667,50,850,21,83,83,1,4,6,5,2,42,0,0
56534.0,691,7,61,10,0,46,4,10,4,7,8,54,1,1
58350.0,493,26,206,116,80,80,4,8,3,12,6,51,1,0
81217.0,493,70,324,146,40,84,1,3,7,11,1,33,0,0
49090.0,494,5,82,7,0,100,3,7,2,9,7,71,1,0
61787.0,621,73,414,78,48,85,1,8,4,6,5,35,0,0
24336.0,1,6,2,8,2,12,1,1,0,2,7,41,1,0
62335.0,243,131,217,85,6,26,2,3,3,13,2,70,1,0
42033.0,11,1,4,2,0,7,1,1,0,2,7,51,2,0
86580.0,532,21,127,26,20,20,0,4,2,5,1,39,0,0
41437.0,29,0,2,0,0,1,1,1,0,3,7,65,2,0
73705.0,612,91,520,258,107,107,2,9,6,8,5,71,2,0
61064.0,387,126,342,0,45,180,5,8,4,11,6,46,1,0
38452.0,56,0,14,0,0,2,3,3,0,3,7,67,2,0
55012.0,582,0,65,0,0,13,6,8,2,9,5,49,1,0
38175.0,70,6,69,2,3,3,3,3,1,4,7,38,1,0
58656.0,962,12,194,16,24,12,4,7,8,13,6,66,1,0
52117.0,112,10,107,30,0,20,2,5,2,4,7,57,1,0
64813.0,293,0,124,179,97,52,1,7,2,10,5,44,1,0
54222.0,199,12,31,3,12,7,1,3,3,5,3,49,1,0
83512.0,1060,61,835,80,20,101,1,4,7,10,1,36,0,3
77520.0,940,44,396,0,88,58,1,8,7,7,4,63,1,2
41154.0,44,2,11,2,3,7,1,1,0,4,5,44,1,0
80398.0,342,51,936,207,35,26,1,5,8,12,3,56,0,0
35196.0,75,12,141,43,39,187,6,6,1,5,8,38,1,0
60230.0,520,20,367,39,81,40,2,6,3,6,5,66,1,0
22108.0,5,3,9,6,2,6,2,2,0,3,7,45,2,0
44392.0,87,5,71,7,12,29,5,4,1,4,7,48,2,0
55424.0,462,61,184,10,53,107,4,7,5,9,6,46,1,1
92491.0,979,44,935,29,25,22,1,7,5,12,3,39,0,1
90273.0,704,129,853,120,74,111,1,5,6,7,2,31,0,1
82571.0,861,31,558,62,95,79,0,6,5,13,2,60,0,0
38513.0,172,3,115,16,0,18,5,6,1,5,8,40,1,0
42586.0,194,2,56,0,0,0,5,4,1,6,8,67,2,0
23529.0,9,7,13,3,2,20,1,1,1,2,6,57,1,0
74881.0,505,72,270,36,27,54,4,9,2,12,5,61,2,0
71107.0,533,10,217,198,174,195,2,7,6,13,4,71,1,0
46910.0,48,0,14,0,0,6,2,2,0,3,6,58,2,0
37244.0,18,2,10,0,0,25,1,1,1,2,7,67,2,1
82427.0,482,147,509,104,107,107,1,3,5,12,1,56,0,0
75342.0,204,97,97,21,118,26,1,5,2,10,4,64,1,0
70044.0,1073,0,250,153,14,14,4,7,10,5,5,68,1,0
79146.0,245,16,223,21,43,16,2,8,1,8,6,55,2,0
77437.0,560,21,442,29,44,29,1,4,5,13,1,59,0,0
54984.0,173,13,131,32,3,6,4,6,1,6,7,63,1,1
42403.0,22,1,11,0,5,3,1,1,0,3,8,51,1,0
55761.0,136,1,12,0,3,32,2,4,1,3,6,58,1,0
37292.0,275,0,86,10,23,66,5,6,3,5,8,39,1,0
45576.0,56,19,29,2,14,25,1,3,1,3,8,77,0,0
70321.0,303,23,751,82,26,191,1,6,5,13,4,75,0,0
58086.0,708,7,62,0,0,15,2,11,3,7,8,53,1,0
81795.0,324,132,693,27,118,88,1,4,11,7,2,70,0,0
28389.0,1,5,3,7,4,8,1,1,0,2,7,75,0,0
66835.0,620,26,195,34,17,141,1,6,4,13,2,76,0,0
69901.0,312,21,206,102,92,149,3,7,3,10,5,53,1,0
80360.0,1493,86,454,112,43,43,2,4,4,5,2,73,0,1
63342.0,918,21,118,13,10,21,3,8,3,5,6,61,1,0
44989.0,98,0,106,49,10,106,5,5,1,5,6,48,1,0
31859.0,3,4,7,15,8,11,1,1,0,3,7,42,1,0
51569.0,380,0,47,6,0,34,4,7,1,7,8,73,1,0
30372.0,15,0,12,7,3,7,3,2,0,3,7,51,2,0
41120.0,24,2,23,0,8,24,3,2,1,3,6,54,2,0
39763.0,80,1,60,4,6,16,2,5,1,2,9,51,1,0
38725.0,31,0,6,2,1,5,2,1,0,4,4,67,2,0
77981.0,138,120,204,16,126,60,3,7,4,7,5,50,1,0
62905.0,166,75,96,119,107,59,3,7,2,8,4,58,1,0
59481.0,178,3,85,71,66,58,2,3,3,8,2,47,1,0
72117.0,707,20,171,65,60,50,1,9,7,9,5,45,1,0
21955.0,5,1,7,17,14,11,2,2,1,3,6,36,1,0
67131.0,465,71,250,93,35,62,3,9,2,12,6,66,1,0
36802.0,16,1,2,0,0,1,1,1,0,3,5,42,1,0
71853.0,358,108,413,141,97,32,1,2,8,6,1,40,0,0
28249.0,1,9,7,2,14,10,1,2,0,3,6,61,0,0
47808.0,123,1,26,2,0,72,2,3,2,3,7,47,1,1
25509.0,40,3,30,10,7,11,3,3,0,3,9,48,1,0
51012.0,102,9,63,2,9,24,1,4,1,4,6,76,0,0
70596.0,347,44,534,17,0,26,1,3,5,12,2,37,0,0
85431.0,376,53,462,168,53,53,1,2,7,7,0,70,0,0
42664.0,21,0,3,0,0,0,1,1,0,3,6,55,1,0
42586.0,194,2,56,0,0,0,5,4,1,6,8,67,2,0
29760.0,64,4,68,7,5,17,4,3,1,4,8,37,1,0
28973.0,206,0,46,3,2,12,2,5,1,5,8,45,0,0
39435.0,71,0,18,0,0,13,1,3,1,2,7,49,1,0
65370.0,71,22,112,138,89,29,1,2,3,13,1,38,0,0
20194.0,0,4,7,11,10,15,2,2,0,3,6,43,1,0
42473.0,93,1,21,0,4,25,3,2,1,4,5,46,2,0
64590.0,920,138,168,36,46,30,1,9,4,10,6,54,0,0
71232.0,653,17,170,34,26,17,2,11,2,10,7,63,1,0
34600.0,199,33,60,8,3,15,5,5,2,5,8,51,2,0
46904.0,153,4,56,0,9,31,4,5,1,4,8,55,2,0
49094.0,376,0,38,11,8,69,5,6,3,6,6,49,1,0
36075.0,46,0,30,12,1,30,1,2,0,4,6,39,1,0
60839.0,600,21,128,223,150,128,13,2,2,12,8,43,2,0
77298.0,425,115,292,23,35,79,1,6,6,11,3,43,1,0
34026.0,18,6,15,12,8,17,3,2,1,3,5,72,2,0
48918.0,52,0,9,0,0,1,2,1,0,4,4,59,2,0
82122.0,734,22,350,151,25,100,1,3,9,13,1,60,0,0
37697.0,34,6,21,11,4,8,1,2,1,3,6,46,1,0
34074.0,135,1,41,10,1,67,5,3,3,3,6,70,2,1
28520.0,11,0,10,0,2,20,1,1,1,2,6,62,2,0
62535.0,163,48,90,0,45,52,1,3,2,8,3,67,1,0
36273.0,29,3,30,3,2,9,2,3,0,3,6,45,1,0
63404.0,734,26,70,11,44,17,2,6,3,4,4,58,2,1
75774.0,340,21,134,258,14,56,1,7,5,8,4,41,1,0
78416.0,453,38,279,188,38,183,2,7,7,10,3,46,1,0
75702.0,1073,0,629,145,37,37,1,10,5,13,6,48,1,0
59385.0,135,0,10,0,4,36,2,3,1,4,5,71,2,0
37070.0,231,7,137,4,15,39,9,5,1,8,7,56,2,0
44689.0,18,0,5,0,0,11,2,1,1,2,7,71,2,1
53977.0,620,16,165,0,24,82,5,5,5,12,5,64,1,0
90369.0,292,51,981,224,23,17,1,4,6,6,1,66,0,0
63159.0,965,34,586,89,86,37,1,3,5,8,3,48,0,1
37758.0,27,2,10,0,0,1,2,1,0,3,8,56,2,0
46757.0,777,30,163,0,51,122,6,4,4,7,9,59,1,0
79734.0,572,8,232,23,62,17,1,4,3,6,1,53,0,1
63207.0,438,169,565,91,169,70,1,2,3,6,7,30,0,1
72071.0,531,69,300,150,138,150,3,5,4,8,2,68,1,0
21840.0,17,0,9,0,0,1,1,1,0,3,9,39,1,0
58582.0,402,35,106,101,77,42,2,9,2,9,5,40,1,0
72282.0,503,27,419,90,139,153,1,5,7,9,7,71,0,0
50387.0,369,9,87,12,14,34,3,6,2,8,5,66,2,0
32583.0,5,0,3,0,0,1,1,1,0,2,7,61,2,0
62568.0,362,17,398,80,35,61,3,5,3,5,4,60,1,1
44635.0,56,0,9,0,0,3,2,2,0,3,7,51,2,0
33316.0,79,1,31,4,4,12,3,2,1,4,6,51,2,0
63967.0,387,84,141,73,35,162,3,4,4,12,2,54,1,0
52513.0,367,17,241,104,188,232,2,9,5,9,7,44,0,0
25293.0,15,0,11,0,2,9,1,1,1,2,8,53,1,0
54111.0,267,6,54,8,3,50,2,5,2,6,5,57,1,0
78394.0,298,27,697,216,24,166,1,4,6,5,2,36,0,0
80739.0,674,92,736,39,0,92,1,3,11,9,1,64,0,0
22669.0,16,14,36,37,22,48,3,4,1,2,9,47,1,0
29236.0,37,4,24,16,9,9,2,4,0,3,9,35,1,0
44911.0,159,0,22,2,1,31,3,4,1,4,7,63,1,0
54693.0,686,17,142,23,26,35,8,6,4,13,6,60,1,0
48186.0,97,3,66,12,7,34,3,4,1,4,7,48,1,0
54809.0,63,6,57,13,13,22,4,2,1,5,4,45,2,0
41580.0,56,5,24,4,0,3,3,2,1,3,5,44,2,0
80336.0,209,19,456,160,142,66,1,2,9,13,1,52,0,0
47743.0,198,2,43,0,12,20,3,4,1,6,6,65,1,0
62972.0,313,15,47,20,0,192,2,7,4,3,6,67,1,0
57333.0,941,14,397,76,58,176,11,8,5,9,6,68,1,0
32313.0,86,4,56,2,4,7,3,4,0,4,9,40,1,0
84953.0,167,48,602,63,72,72,1,3,10,4,2,69,0,1
27071.0,8,3,19,0,2,3,2,2,0,3,6,54,1,0
68148.0,389,66,408,37,57,85,1,4,4,6,2,65,0,0
65735.0,239,7,119,4,15,11,5,6,2,6,7,57,2,0
86836.0,179,21,273,0,21,63,1,6,10,6,5,47,0,2
30093.0,2,6,28,13,4,16,1,2,0,3,7,32,0,0
57705.0,383,0,53,6,4,40,3,8,1,6,6,56,1,0
25008.0,2,8,8,6,1,9,2,1,0,3,8,34,1,0
83257.0,536,27,590,38,107,67,1,5,10,12,6,27,0,1
22280.0,2,1,4,3,1,2,1,1,0,2,8,47,1,0
72159.0,322,53,899,34,40,53,1,4,6,10,2,44,0,0
64260.0,539,169,816,20,0,30,1,4,5,4,3,61,0,0
82733.0,712,50,420,65,38,38,1,8,4,7,4,38,0,0
74290.0,1121,0,72,0,12,12,4,10,8,10,6,51,1,1
58217.0,68,1,13,3,5,13,1,2,0,4,6,71,3,0
21024.0,36,4,18,6,2,18,1,2,0,4,7,46,0,0
70116.0,707,44,603,95,58,29,1,2,8,12,1,50,0,0
54006.0,174,77,203,6,24,97,2,8,1,7,7,37,1,0
69063.0,666,35,124,69,8,26,1,5,3,5,3,56,1,0
61825.0,162,50,100,55,30,27,1,4,2,8,4,43,1,0
70886.0,407,70,239,103,88,53,1,5,4,4,2,51,1,0
69109.0,823,25,459,124,29,95,1,6,6,7,4,40,0,0
60208.0,488,23,71,15,0,59,11,8,3,7,7,49,2,0
32889.0,28,0,13,4,2,8,3,2,1,3,5,54,2,0
34738.0,3,2,10,3,0,2,1,1,0,3,6,38,1,0
30538.0,284,0,52,8,3,20,4,9,0,4,10,51,1,0
82326.0,938,142,754,159,81,183,1,5,10,6,2,45,0,1
26642.0,13,2,15,2,2,8,2,2,0,3,6,55,1,0
69932.0,412,172,153,150,105,57,2,7,6,11,4,58,1,0
44503.0,31,1,8,0,0,8,2,2,0,3,6,50,2,0
60200.0,502,19,132,0,6,26,6,6,2,11,6,74,1,0
49638.0,18,10,3,3,5,0,1,1,0,3,2,70,1,0
23830.0,1,8,6,4,8,16,1,1,0,3,7,35,0,0
33051.0,100,71,243,108,94,219,3,9,1,8,9,63,0,0
72905.0,407,114,445,181,165,203,1,3,7,9,1,64,0,1
69702.0,664,9,240,50,19,57,2,7,7,10,4,71,1,0
70300.0,1045,61,338,60,46,46,3,5,5,13,8,47,1,0
70643.0,1218,107,304,23,143,33,1,5,8,4,6,38,0,0
30396.0,15,0,6,0,1,12,2,1,1,2,7,53,1,1
50616.0,128,0,16,0,1,4,2,4,0,4,7,54,1,0
62772.0,581,49,157,43,8,108,1,5,6,11,2,53,1,0
30298.0,6,3,12,6,1,0,1,1,1,3,3,37,0,0
52413.0,185,8,133,56,56,12,2,7,1,7,7,38,1,0
44155.0,22,1,9,0,0,14,1,1,1,2,4,65,2,0
86979.0,584,100,835,65,83,35,1,5,5,5,2,51,0,1
76532.0,355,30,177,90,138,30,4,9,5,7,5,47,2,0
42081.0,175,10,110,54,6,27,2,6,3,4,6,40,1,1
67546.0,864,134,768,150,38,172,1,4,10,5,3,34,0,0
88420.0,957,153,612,99,95,153,1,4,7,8,1,33,0,2
31158.0,25,6,16,20,0,5,2,2,0,3,8,37,1,0
61671.0,641,7,56,0,0,28,8,10,4,6,8,54,1,1
69719.0,273,86,208,177,14,43,1,2,3,5,1,48,0,0
49160.0,122,21,43,25,10,15,2,3,1,6,6,73,1,0
24882.0,1,4,10,29,0,36,1,1,1,2,6,44,1,1
90933.0,1020,31,430,62,63,79,1,4,6,4,1,68,0,0
113734.0,6,2,3,1,262,3,0,27,0,0,1,77,0,0
59292.0,378,14,68,19,14,14,2,3,5,8,3,72,1,0
45759.0,42,1,18,3,0,4,2,2,0,3,7,58,2,0
22148.0,15,5,14,0,4,11,1,1,0,3,7,39,0,0
73395.0,272,7,80,20,7,11,1,4,4,6,2,35,0,0
29819.0,9,1,24,2,1,2,3,3,0,3,6,51,1,0
45688.0,279,0,18,0,0,9,2,3,1,8,4,54,1,0
62820.0,398,61,265,138,61,53,1,3,4,6,1,68,0,0
60491.0,637,47,237,12,19,76,4,6,11,7,5,51,1,0
33235.0,45,0,16,2,1,6,1,3,0,3,7,36,1,0
35701.0,21,1,9,7,3,5,1,1,0,3,6,63,0,0
31535.0,15,4,13,0,0,19,1,1,1,2,7,42,1,1
92556.0,493,183,352,184,23,28,0,3,5,13,0,62,0,0
67384.0,957,40,175,158,53,107,2,7,8,5,5,52,1,0
80573.0,829,138,430,60,92,15,1,4,6,13,2,51,0,0
77870.0,1017,50,500,65,50,133,3,5,5,5,8,55,1,1
52278.0,953,0,71,0,0,174,6,10,5,10,8,59,1,0
57107.0,159,0,120,0,0,137,7,4,4,8,8,54,1,1
36038.0,23,0,15,0,2,7,2,3,0,3,6,41,1,0
20180.0,18,42,24,15,20,18,1,2,1,4,7,46,0,0
34230.0,15,0,4,0,0,2,1,1,0,2,7,57,2,0
31878.0,23,4,5,10,5,23,1,1,0,4,3,45,1,0
70932.0,200,193,100,46,185,185,2,6,2,12,3,50,1,0
91249.0,1324,27,119,71,108,27,0,7,9,6,4,66,0,2
77598.0,1193,33,281,129,66,33,1,7,5,13,3,79,0,0
80982.0,505,137,401,104,22,22,3,11,5,11,5,63,2,0
22701.0,2,4,9,0,4,5,1,1,0,3,5,45,1,0
55212.0,1103,0,45,0,0,34,3,4,2,11,8,53,1,1
70617.0,353,61,753,40,46,27,1,3,3,7,2,52,0,0
64849.0,652,48,350,94,84,108,1,9,3,6,5,65,0,0
62694.0,379,6,157,25,91,91,5,9,3,7,7,57,2,0
61917.0,46,4,36,2,2,1,1,2,0,4,5,48,2,0
67472.0,162,31,127,8,17,69,2,4,2,7,3,75,1,0
21059.0,8,3,19,3,3,8,3,3,0,3,6,40,1,0
29543.0,17,3,18,3,4,18,2,3,1,2,7,54,2,0
75903.0,340,108,185,130,38,100,2,6,6,9,3,71,1,0
34984.0,8,4,15,3,5,3,2,1,0,3,7,47,2,0
54998.0,154,22,202,39,30,8,5,4,2,9,4,66,1,0
54356.0,710,15,30,20,0,0,3,11,2,8,8,73,1,0
34242.0,8,2,4,0,0,1,1,0,0,3,5,63,1,0
25410.0,2,2,4,13,13,4,1,1,0,4,4,49,1,0
73356.0,1050,14,322,0,14,112,1,5,11,5,2,38,0,2
28320.0,19,1,14,3,2,4,1,1,0,3,8,72,1,0
23763.0,22,0,6,6,2,6,1,1,0,3,7,45,1,0
72570.0,274,83,216,151,141,224,1,4,6,12,1,38,0,0
34529.0,68,6,38,3,6,41,2,2,2,3,7,46,1,0
70792.0,344,45,654,104,11,114,2,3,4,10,3,71,0,0
63211.0,145,193,459,205,26,145,2,3,8,7,2,40,0,0
83891.0,217,38,350,111,85,15,1,4,7,10,1,48,1,0
36065.0,18,7,34,10,2,3,3,3,0,3,8,54,2,0
39898.0,69,8,26,12,7,12,2,3,0,4,7,68,1,0
51141.0,144,0,7,0,0,6,1,3,1,4,5,82,0,0
56939.0,256,34,103,90,29,49,2,3,3,10,3,46,1,0
80872.0,483,72,567,94,12,108,1,4,4,10,1,71,0,0
72335.0,1285,105,653,28,21,0,1,10,4,8,8,46,0,0
61798.0,338,4,89,11,8,13,1,4,2,9,4,58,0,0
76842.0,605,10,345,84,54,32,1,1,8,7,0,72,0,0
29478.0,8,0,7,3,1,1,1,1,0,3,6,46,1,0
46998.0,172,41,86,45,6,27,5,5,3,5,7,66,1,1
96843.0,448,71,951,40,17,17,1,6,11,10,2,32,0,0
56551.0,67,4,32,17,2,16,3,2,1,4,4,72,2,0
70053.0,512,53,98,81,179,89,3,8,5,10,5,57,1,0
71670.0,1462,16,128,0,0,160,1,5,3,6,6,60,0,1
44359.0,20,0,14,7,3,1,3,2,0,4,3,44,2,0
40887.0,50,4,44,10,10,43,3,3,1,3,9,70,2,0
48877.0,102,1,15,2,0,24,1,3,0,4,7,56,1,0
74485.0,499,149,815,173,49,49,1,6,7,12,3,75,0,0
64474.0,381,35,172,56,86,93,2,8,2,10,5,50,1,0
77226.0,631,43,239,128,76,21,2,6,8,12,3,59,1,0
72643.0,526,80,553,123,94,53,1,3,10,7,2,73,0,1
85738.0,913,26,376,17,26,13,1,3,6,11,1,44,0,0
55686.0,673,0,199,37,47,26,2,6,3,5,4,56,1,1
39062.0,23,0,9,0,0,12,1,1,0,3,4,39,1,1
34600.0,199,33,60,8,3,15,5,5,2,5,8,51,2,0
40794.0,261,23,73,4,23,50,2,6,3,5,7,47,1,0
54690.0,111,16,37,7,9,18,3,3,1,5,3,51,2,0
32632.0,63,151,137,153,19,53,2,4,4,8,5,59,0,0
38236.0,58,0,18,2,0,10,4,3,0,4,7,54,2,0
36781.0,29,1,17,0,3,13,1,2,1,2,8,43,1,0
31385.0,3,2,12,0,1,9,1,1,0,2,8,38,1,1
24570.0,28,34,62,11,14,44,3,4,0,4,9,38,1,0
25509.0,40,3,30,10,7,11,3,3,0,3,9,48,1,0
94642.0,879,143,797,106,143,143,0,5,7,9,1,71,0,1
58646.0,62,1,44,6,5,22,1,2,1,4,4,60,1,0
53201.0,280,7,81,20,0,27,8,6,3,5,7,47,2,0
21994.0,9,0,6,3,1,3,1,0,0,3,5,65,1,0
57113.0,182,4,33,0,2,42,6,4,1,5,7,44,2,0
51373.0,83,2,101,64,26,117,1,3,5,3,4,31,0,0
23477.0,38,15,54,3,8,29,3,3,0,4,8,36,1,0
58116.0,228,19,130,4,11,51,2,3,3,8,2,66,1,0
72968.0,1092,37,592,145,37,55,1,5,5,8,3,59,0,1
39791.0,85,15,27,13,13,21,2,3,1,4,7,51,1,0
91712.0,1276,24,746,94,29,48,0,9,7,11,3,75,0,0
94472.0,1017,33,417,108,100,16,1,5,5,5,5,64,1,0
96547.0,448,21,125,52,101,62,0,7,6,8,2,42,0,2
79205.0,504,23,117,179,28,44,1,6,5,4,4,47,0,1
56559.0,226,22,133,41,31,31,3,4,3,8,4,47,1,0
32644.0,239,3,141,0,7,23,4,7,1,6,8,49,1,1
67506.0,90,38,67,33,36,67,1,4,1,6,3,42,1,0
24206.0,7,2,8,3,2,3,1,1,0,3,6,52,1,0
28420.0,4,2,5,2,0,0,1,1,0,2,6,55,1,0
22979.0,16,17,19,20,21,22,3,3,2,2,8,52,1,0
33279.0,10,3,3,0,0,0,1,0,0,3,3,56,0,0
46423.0,68,0,16,0,0,8,3,2,0,4,7,50,2,0
30368.0,35,0,13,2,0,2,2,2,0,3,8,45,1,0
63684.0,575,80,428,208,93,80,3,8,4,8,5,52,1,0
41638.0,315,0,31,4,0,91,4,5,5,3,8,58,1,1
68805.0,182,2,49,17,13,20,1,3,1,7,2,63,1,0
65814.0,561,14,113,10,14,35,3,8,2,10,5,56,1,0
71964.0,587,51,932,180,34,86,1,5,6,5,3,64,0,0
39146.0,94,1,33,13,12,12,3,4,0,4,8,36,1,0
96876.0,908,43,735,40,194,21,1,7,7,9,2,45,0,1
34445.0,228,122,122,208,129,30,6,11,2,8,9,41,0,0
68281.0,995,112,417,42,48,41,1,2,9,13,5,64,0,0
37284.0,11,1,2,2,1,6,1,0,0,3,6,47,2,0
36790.0,3,3,14,15,21,10,1,2,1,2,9,39,0,0
27943.0,12,1,16,4,1,3,3,2,0,3,8,55,2,0
22263.0,17,0,2,0,0,2,2,1,0,3,6,71,2,0
30261.0,8,0,5,0,3,6,1,0,0,3,8,50,3,0
28587.0,22,4,17,12,10,13,3,2,0,4,6,44,1,0
43815.0,14,10,29,4,7,15,1,2,0,3,6,40,1,0
48195.0,106,27,68,52,7,5,6,4,2,5,6,66,2,0
77027.0,820,57,242,45,0,11,2,8,3,6,4,70,1,0
71322.0,753,43,226,69,10,204,2,8,5,13,4,57,1,0
32765.0,13,3,17,7,3,3,2,2,0,4,5,43,1,0
29672.0,9,1,3,0,4,8,1,0,0,3,6,57,2,0
23272.0,19,3,6,4,2,12,1,1,0,3,4,69,0,0
49912.0,520,8,223,32,49,42,4,10,5,7,8,73,1,1
68117.0,618,44,215,0,17,36,2,11,8,4,6,75,1,1
67225.0,315,35,322,46,7,143,3,7,2,11,5,67,1,0
55914.0,384,60,364,119,101,232,4,11,6,8,7,47,1,0
40059.0,110,29,92,28,10,145,1,6,2,3,8,38,1,1
60905.0,208,17,76,36,17,38,2,3,3,7,2,72,1,0
75330.0,555,82,257,93,61,61,4,10,3,12,6,45,2,0
60689.0,240,90,216,63,6,24,4,4,4,10,3,71,1,0
38680.0,11,0,36,15,5,12,1,2,0,3,7,38,1,0
61416.0,848,154,323,201,61,78,1,10,3,10,6,40,0,1
49767.0,202,47,197,55,42,149,1,5,4,8,4,31,0,0
83273.0,433,89,650,16,102,102,10,4,6,9,7,52,3,0
29009.0,6,6,15,10,5,2,2,2,0,3,6,41,1,0
45057.0,37,0,7,3,0,3,1,2,0,3,5,43,1,0
37150.0,167,37,64,49,34,116,8,4,3,6,7,51,1,0
43020.0,45,7,99,4,25,43,3,4,1,4,6,52,1,0
53154.0,129,0,21,0,1,7,1,3,1,4,4,63,1,0
65308.0,713,0,264,120,80,34,1,7,8,12,4,49,0,1
76467.0,676,161,426,210,44,58,2,2,5,5,6,52,1,0
81044.0,450,26,535,73,98,26,1,5,6,10,1,75,0,0
32871.0,22,2,12,0,2,5,1,1,0,3,4,71,2,0
55801.0,367,4,51,6,4,95,6,7,2,6,7,47,2,1
76320.0,526,35,214,69,53,35,2,6,3,4,2,63,1,0
36927.0,51,0,16,0,0,4,2,3,0,3,8,67,2,0
48794.0,25,0,11,3,0,15,1,1,0,3,4,69,2,0
23478.0,28,6,27,12,17,39,1,3,0,3,8,57,0,0
71128.0,958,159,447,20,0,31,3,2,10,12,7,49,1,0
70179.0,532,88,168,69,44,133,3,7,3,13,5,46,1,0
59462.0,724,17,143,0,8,196,2,9,2,12,7,72,1,0
38361.0,39,0,56,20,8,14,3,3,1,3,7,53,1,0
70038.0,587,54,348,71,54,130,1,4,4,8,2,40,0,0
42554.0,29,1,11,0,0,0,2,2,0,3,4,44,2,0
67445.0,757,80,217,29,80,11,5,9,6,12,6,48,1,0
67046.0,544,35,133,23,151,107,2,4,5,4,2,71,1,0
42192.0,40,15,15,17,6,7,1,2,1,3,4,74,0,0
77610.0,1245,33,332,21,33,16,2,4,7,4,7,70,1,0
31761.0,19,1,20,16,14,28,2,3,0,4,5,38,1,0
34350.0,16,3,15,2,1,11,1,1,0,3,7,43,1,0
54591.0,376,4,94,12,9,24,3,6,2,8,5,73,1,0
71866.0,184,178,178,103,39,33,1,6,3,10,3,66,1,0
25293.0,15,0,11,0,2,9,1,1,1,2,8,53,1,0
42000.0,124,83,267,85,59,35,2,5,2,11,5,35,0,0
69520.0,627,120,414,121,80,93,1,9,6,5,5,39,0,0
64713.0,180,60,241,13,54,54,2,5,5,7,4,52,1,0
27889.0,14,0,4,0,0,8,1,1,1,2,6,45,1,0
22123.0,3,3,24,34,7,31,1,2,1,3,5,62,0,0
27803.0,8,26,46,38,9,49,2,3,0,4,8,49,1,0
51651.0,293,6,23,13,6,92,4,6,2,5,8,62,1,0
68487.0,758,12,385,33,89,89,1,9,7,13,4,34,0,0
56796.0,656,38,161,62,47,37,3,8,9,7,7,53,1,0
87000.0,196,25,607,67,17,49,1,4,6,7,2,30,0,0
79823.0,835,73,380,114,73,43,1,6,9,7,2,63,1,0
30828.0,16,11,15,2,0,12,2,1,1,4,3,42,1,0
34109.0,9,1,5,2,1,4,1,0,0,3,4,51,1,0
53367.0,229,7,140,10,3,11,7,5,1,8,7,48,2,0
22390.0,0,1,4,15,1,5,1,1,0,2,7,53,0,0
71322.0,121,24,124,24,15,42,1,4,1,7,2,46,1,0
79244.0,471,102,125,212,61,245,1,4,10,7,1,29,0,1
49912.0,520,8,223,32,49,42,4,10,5,7,8,73,1,1
48699.0,26,1,10,2,0,1,1,1,0,3,5,72,2,0
80144.0,240,132,445,250,192,108,1,3,7,8,1,47,0,0
54252.0,178,4,26,8,4,44,5,4,1,5,6,66,2,0
81929.0,1486,55,278,49,0,185,2,4,4,10,6,46,1,1
76068.0,1115,12,128,33,12,76,1,2,3,4,6,47,1,1
53204.0,29,0,8,2,0,6,1,1,0,3,4,46,2,0
67911.0,529,0,356,63,28,0,3,6,7,11,3,73,1,0
78128.0,934,24,230,16,24,36,2,8,4,6,3,48,1,0
20425.0,4,12,5,3,16,17,2,2,0,3,7,36,1,0
58646.0,62,1,44,6,5,22,1,2,1,4,4,60,1,0
72967.0,158,35,179,0,0,125,2,7,2,8,5,52,1,1
48150.0,173,2,39,3,2,47,3,5,1,4,7,73,1,0
82332.0,830,59,968,51,79,19,1,5,3,12,2,61,0,0
58275.0,189,10,253,56,43,64,6,8,2,7,7,67,2,0
44953.0,728,17,133,11,8,124,1,7,3,13,6,41,0,1
34587.0,7,2,9,2,0,2,2,1,0,3,4,69,2,0
43018.0,35,4,17,7,6,64,1,2,2,2,5,48,1,0
45736.0,188,3,180,20,3,43,5,7,1,6,7,68,1,0
66476.0,742,28,152,25,9,57,2,6,8,10,4,53,1,0
27733.0,0,7,5,26,2,17,2,2,0,3,7,41,1,0
69805.0,750,71,174,13,10,20,2,6,8,11,2,70,1,0
72217.0,816,42,450,55,56,154,1,3,10,8,2,60,0,0
25818.0,5,2,8,2,2,9,1,0,1,2,7,51,1,0
37509.0,37,5,56,12,8,5,2,3,0,4,7,46,1,0
25176.0,4,0,4,0,0,5,1,1,0,2,7,46,2,0
43586.0,99,2,11,4,0,16,3,3,0,4,8,42,1,0
53230.0,176,72,98,136,21,229,4,5,2,12,5,66,1,0
50116.0,54,0,10,0,0,2,2,1,0,4,5,65,2,0
84906.0,997,15,414,99,30,76,1,5,6,12,2,50,0,1
61286.0,356,0,107,19,9,117,2,7,1,8,5,56,1,0
82333.0,1311,0,359,46,89,17,1,4,3,10,2,36,0,0
65220.0,890,63,292,0,25,12,4,8,4,7,6,57,0,0
33590.0,4,0,2,0,0,2,1,1,0,2,7,48,3,0
30992.0,17,0,14,7,3,2,1,1,0,3,7,46,1,0
72309.0,960,0,883,50,38,0,1,5,6,8,3,46,0,1
65487.0,240,67,500,199,0,163,3,3,5,6,2,65,0,0
58692.0,301,11,61,4,7,11,1,8,2,4,7,57,1,0
40590.0,154,0,50,6,11,37,5,3,4,3,6,53,2,1
20587.0,2,3,6,4,1,9,1,1,1,2,7,52,1,0
62637.0,104,12,48,4,12,5,1,2,2,5,2,68,1,0
29435.0,70,3,37,4,2,64,4,3,2,2,9,56,2,0
35788.0,23,2,11,3,1,4,2,2,0,3,6,51,2,0
36997.0,43,4,12,8,0,27,5,2,1,4,5,54,2,0
23539.0,4,24,11,16,1,25,1,2,0,4,6,65,0,0
65333.0,654,7,92,0,15,30,7,9,4,8,6,49,1,0
78499.0,912,72,170,47,36,97,1,11,3,4,4,65,0,0
29732.0,25,0,8,0,1,4,1,2,0,2,9,51,1,0
41275.0,24,4,22,0,2,9,4,3,1,3,5,62,3,0
63516.0,141,11,114,15,14,5,4,4,1,7,5,49,2,0
42769.0,71,0,13,3,1,0,2,1,1,4,4,60,1,0
49572.0,35,1,16,0,1,1,2,2,0,3,7,64,2,0
69209.0,496,32,849,229,48,128,2,5,3,6,4,50,0,1
40590.0,154,0,50,6,11,37,5,3,4,3,6,53,2,1
30560.0,9,1,5,4,5,7,1,1,0,3,7,46,1,0
32146.0,26,3,23,4,7,3,2,2,0,4,6,39,1,0
41713.0,77,8,44,10,10,25,5,3,1,4,6,58,2,0
34176.0,11,2,7,4,2,2,1,1,0,3,3,47,1,0
58482.0,576,7,115,19,7,7,2,7,4,9,6,67,1,0
59686.0,89,15,89,34,42,5,1,4,1,6,4,57,1,0
60896.0,1013,30,399,60,46,153,3,9,10,4,6,58,1,0
62994.0,224,12,48,4,12,12,1,6,2,4,6,42,1,0
47320.0,200,19,111,50,15,19,6,5,1,8,6,65,1,0
74859.0,570,73,614,133,102,73,1,6,5,11,3,73,0,1
31560.0,62,1,20,4,0,7,2,2,1,3,8,48,1,0
72071.0,531,69,300,150,138,150,3,5,4,8,2,68,1,0
91172.0,162,28,818,0,28,56,0,4,3,7,3,32,0,3
90000.0,675,144,133,94,192,241,1,4,8,5,1,38,0,2
41967.0,23,4,10,0,2,15,1,1,0,3,4,41,2,0
69263.0,492,5,32,13,5,21,1,9,1,7,6,57,1,0
65706.0,918,10,129,13,0,129,1,11,3,12,7,52,0,1
60934.0,224,155,155,192,93,54,2,6,4,11,4,47,1,0
71965.0,572,19,286,50,38,248,3,6,3,5,3,71,1,0
65210.0,626,0,70,0,7,28,2,9,3,8,6,67,1,1
79174.0,1074,37,518,193,92,129,1,5,6,7,2,47,0,1
81380.0,741,68,689,224,68,103,1,4,2,10,2,55,0,0
48432.0,322,3,50,4,3,42,5,7,1,6,8,49,1,0
52914.0,254,10,44,30,10,227,2,7,3,3,7,51,1,1
38946.0,116,6,82,6,6,41,2,3,1,6,5,67,1,0
26067.0,22,2,18,0,2,12,3,3,0,3,8,48,1,0
44325.0,516,0,21,0,0,5,4,8,2,7,8,50,1,0
42523.0,14,36,11,3,26,35,1,1,1,4,2,58,0,0
26487.0,2,8,10,12,14,23,3,2,1,3,5,44,1,0
53233.0,28,0,9,3,0,0,1,1,0,3,4,65,1,0
67716.0,530,142,217,62,9,56,4,7,4,13,5,62,1,0
76234.0,519,50,167,130,0,41,1,8,3,11,3,50,1,0
84117.0,611,76,749,59,45,26,1,7,10,6,2,66,0,0
65487.0,240,67,500,199,0,163,3,3,5,6,2,65,0,0
25224.0,4,9,12,11,2,8,2,1,1,3,3,50,1,0
89616.0,671,47,655,145,111,15,1,7,5,12,2,39,0,0
40851.0,23,1,7,0,4,24,1,1,1,2,7,51,2,0
27469.0,9,1,2,3,2,0,1,0,0,3,6,75,0,0
82347.0,556,54,845,202,133,63,1,7,7,10,3,65,0,2
73803.0,833,80,363,52,26,174,2,9,5,6,6,65,1,1
43322.0,56,7,48,10,2,18,1,3,0,4,7,48,0,0
55593.0,293,8,124,11,4,106,2,6,6,3,6,49,1,1
50501.0,297,0,38,13,0,152,7,5,4,4,6,68,2,1
37085.0,39,1,16,2,0,3,4,3,0,3,8,47,2,0
57731.0,266,21,300,65,8,44,4,8,8,6,6,53,1,0
48432.0,322,3,50,4,3,42,5,7,1,6,8,49,1,0
73807.0,366,124,156,71,78,54,2,5,5,11,2,44,1,0
35893.0,158,0,23,0,0,18,6,3,1,5,8,54,2,0
61014.0,269,129,495,182,43,29,4,9,3,4,7,42,1,0
32144.0,41,0,10,0,0,3,4,2,1,3,7,68,2,0
45146.0,33,0,5,0,0,15,2,1,1,2,4,59,2,0
41769.0,302,29,131,32,0,27,6,8,1,7,8,67,1,0
88325.0,519,71,860,93,27,53,1,6,2,9,2,41,0,0
38054.0,23,2,17,2,1,0,2,2,0,3,7,72,2,0
80617.0,594,51,631,72,55,32,1,4,6,8,2,27,0,0
36807.0,4,2,5,0,0,5,1,1,0,2,6,68,2,0
28427.0,18,3,19,3,3,6,2,2,0,3,8,39,1,0
82032.0,332,194,377,149,125,57,0,4,6,7,1,74,0,0
22775.0,5,1,8,0,0,1,1,1,0,2,8,44,1,0
40101.0,171,3,129,26,24,62,4,6,1,6,7,37,1,0
58025.0,270,31,88,11,48,22,3,3,2,10,4,43,1,0
75777.0,712,26,538,69,13,80,1,3,6,11,1,40,0,0
33562.0,21,12,12,0,3,3,3,2,0,4,4,59,3,0
57642.0,580,6,58,8,0,27,3,7,6,6,4,52,1,1
58554.0,368,24,68,38,0,88,6,8,2,6,7,54,2,0
63777.0,457,5,106,15,17,53,8,11,1,6,8,43,2,0
57967.0,229,7,137,4,0,91,5,4,2,8,5,60,1,0
24434.0,3,2,8,20,0,17,2,2,1,2,7,50,2,0
44802.0,853,10,143,13,10,20,2,9,4,12,8,52,0,0
26816.0,5,1,6,3,4,3,1,0,0,3,4,36,0,0
34421.0,3,3,7,6,2,9,1,1,0,2,7,48,1,0
61223.0,709,43,182,42,118,247,2,9,3,4,5,55,1,0
64014.0,406,0,30,0,0,8,7,8,2,5,7,76,3,1
56981.0,908,48,217,32,12,24,1,2,3,13,6,41,0,0
69245.0,428,30,214,80,30,61,2,6,5,10,3,66,1,0
52869.0,84,3,61,2,1,21,3,3,1,4,7,68,2,0
